정산일자,총 매출금액,총 주문건수,파일명
23-01-01,1300700,48,[2023-01] 월간 정산.xlsx
23-01-02,0,0,[2023-01] 월간 정산.xlsx
23-01-03,865000,29,[2023-01] 월간 정산.xlsx
23-01-04,892600,34,[2023-01] 월간 정산.xlsx
23-01-05,975400,35,[2023-01] 월간 정산.xlsx
23-01-06,1149200,40,[2023-01] 월간 정산.xlsx
23-01-07,1017400,33,[2023-01] 월간 정산.xlsx
23-01-08,1545200,56,[2023-01] 월간 정산.xlsx
23-01-09,0,0,[2023-01] 월간 정산.xlsx
23-01-10,1036700,39,[2023-01] 월간 정산.xlsx
23-01-11,953600,34,[2023-01] 월간 정산.xlsx
23-01-12,865600,34,[2023-01] 월간 정산.xlsx
23-01-13,1171500,45,[2023-01] 월간 정산.xlsx
23-01-14,1080700,42,[2023-01] 월간 정산.xlsx
23-01-15,1419900,41,[2023-01] 월간 정산.xlsx
23-01-16,0,0,[2023-01] 월간 정산.xlsx
23-01-17,936300,34,[2023-01] 월간 정산.xlsx
23-01-18,974700,30,[2023-01] 월간 정산.xlsx
23-01-19,636300,21,[2023-01] 월간 정산.xlsx
23-01-20,944200,35,[2023-01] 월간 정산.xlsx
23-01-21,952800,33,[2023-01] 월간 정산.xlsx
23-01-22,1687700,54,[2023-01] 월간 정산.xlsx
23-01-23,372300,2,[2023-01] 월간 정산.xlsx
23-01-24,1596700,53,[2023-01] 월간 정산.xlsx
23-01-25,937000,36,[2023-01] 월간 정산.xlsx
23-01-26,867300,34,[2023-01] 월간 정산.xlsx
23-01-27,1313100,47,[2023-01] 월간 정산.xlsx
23-01-28,1506100,57,[2023-01] 월간 정산.xlsx
23-01-29,1335900,49,[2023-01] 월간 정산.xlsx
23-01-30,0,0,[2023-01] 월간 정산.xlsx
23-01-31,1077900,40,[2023-01] 월간 정산.xlsx
합계,29411800,1035,[2023-01] 월간 정산.xlsx
23-02-01,1059500,39,[2023-02] 월간 정산.xlsx
23-02-02,937000,30,[2023-02] 월간 정산.xlsx
23-02-03,970600,30,[2023-02] 월간 정산.xlsx
23-02-04,1369200,47,[2023-02] 월간 정산.xlsx
23-02-05,1467200,35,[2023-02] 월간 정산.xlsx
23-02-06,0,0,[2023-02] 월간 정산.xlsx
23-02-07,1123300,33,[2023-02] 월간 정산.xlsx
23-02-08,799700,29,[2023-02] 월간 정산.xlsx
23-02-09,746400,28,[2023-02] 월간 정산.xlsx
23-02-10,915700,33,[2023-02] 월간 정산.xlsx
23-02-11,871800,32,[2023-02] 월간 정산.xlsx
23-02-12,1489300,48,[2023-02] 월간 정산.xlsx
23-02-13,0,0,[2023-02] 월간 정산.xlsx
23-02-14,942700,32,[2023-02] 월간 정산.xlsx
23-02-15,849800,30,[2023-02] 월간 정산.xlsx
23-02-16,973400,32,[2023-02] 월간 정산.xlsx
23-02-17,819400,31,[2023-02] 월간 정산.xlsx
23-02-18,1033800,37,[2023-02] 월간 정산.xlsx
23-02-19,1616000,54,[2023-02] 월간 정산.xlsx
23-02-20,0,0,[2023-02] 월간 정산.xlsx
23-02-21,1196800,36,[2023-02] 월간 정산.xlsx
23-02-22,672200,25,[2023-02] 월간 정산.xlsx
23-02-23,688000,24,[2023-02] 월간 정산.xlsx
23-02-24,1127500,39,[2023-02] 월간 정산.xlsx
23-02-25,1278900,44,[2023-02] 월간 정산.xlsx
23-02-26,1390100,49,[2023-02] 월간 정산.xlsx
23-02-27,0,0,[2023-02] 월간 정산.xlsx
23-02-28,1234000,43,[2023-02] 월간 정산.xlsx
합계,25572300,860,[2023-02] 월간 정산.xlsx
23-03-01,1223800,43,[2023-03] 월간 정산.xlsx
23-03-02,846800,30,[2023-03] 월간 정산.xlsx
23-03-03,749600,27,[2023-03] 월간 정산.xlsx
23-03-04,1354700,48,[2023-03] 월간 정산.xlsx
23-03-05,1262300,43,[2023-03] 월간 정산.xlsx
23-03-06,0,0,[2023-03] 월간 정산.xlsx
23-03-07,1070700,38,[2023-03] 월간 정산.xlsx
23-03-08,1018700,33,[2023-03] 월간 정산.xlsx
23-03-09,1051000,35,[2023-03] 월간 정산.xlsx
23-03-10,1129100,38,[2023-03] 월간 정산.xlsx
23-03-11,1467100,50,[2023-03] 월간 정산.xlsx
23-03-12,1718400,59,[2023-03] 월간 정산.xlsx
23-03-13,0,0,[2023-03] 월간 정산.xlsx
23-03-14,1360400,48,[2023-03] 월간 정산.xlsx
23-03-15,1081100,36,[2023-03] 월간 정산.xlsx
23-03-16,1790600,20,[2023-03] 월간 정산.xlsx
23-03-17,821600,29,[2023-03] 월간 정산.xlsx
23-03-18,1607400,52,[2023-03] 월간 정산.xlsx
23-03-19,1584600,53,[2023-03] 월간 정산.xlsx
23-03-20,0,0,[2023-03] 월간 정산.xlsx
23-03-21,1196400,38,[2023-03] 월간 정산.xlsx
23-03-22,1272900,46,[2023-03] 월간 정산.xlsx
23-03-23,852300,27,[2023-03] 월간 정산.xlsx
23-03-24,1221900,43,[2023-03] 월간 정산.xlsx
23-03-25,1180500,40,[2023-03] 월간 정산.xlsx
23-03-26,1121900,37,[2023-03] 월간 정산.xlsx
23-03-27,0,0,[2023-03] 월간 정산.xlsx
23-03-28,1407500,44,[2023-03] 월간 정산.xlsx
23-03-29,1505900,39,[2023-03] 월간 정산.xlsx
23-03-30,912000,32,[2023-03] 월간 정산.xlsx
23-03-31,849200,28,[2023-03] 월간 정산.xlsx
합계,32658400,1056,[2023-03] 월간 정산.xlsx
23-04-01,1788900,35,[2023-04] 월간 정산.xlsx
23-04-02,1230700,41,[2023-04] 월간 정산.xlsx
23-04-03,0,0,[2023-04] 월간 정산.xlsx
23-04-04,1370900,45,[2023-04] 월간 정산.xlsx
23-04-05,1209800,40,[2023-04] 월간 정산.xlsx
23-04-06,1122700,25,[2023-04] 월간 정산.xlsx
23-04-07,704300,24,[2023-04] 월간 정산.xlsx
23-04-08,1275900,45,[2023-04] 월간 정산.xlsx
23-04-09,1468900,51,[2023-04] 월간 정산.xlsx
23-04-10,0,0,[2023-04] 월간 정산.xlsx
23-04-11,1316900,39,[2023-04] 월간 정산.xlsx
23-04-12,974200,30,[2023-04] 월간 정산.xlsx
23-04-13,695900,25,[2023-04] 월간 정산.xlsx
23-04-14,1412100,43,[2023-04] 월간 정산.xlsx
23-04-15,1281100,45,[2023-04] 월간 정산.xlsx
23-04-16,1475300,51,[2023-04] 월간 정산.xlsx
23-04-17,0,0,[2023-04] 월간 정산.xlsx
23-04-18,1104800,39,[2023-04] 월간 정산.xlsx
23-04-19,1360900,40,[2023-04] 월간 정산.xlsx
23-04-20,571100,19,[2023-04] 월간 정산.xlsx
23-04-21,1258700,37,[2023-04] 월간 정산.xlsx
23-04-22,1760800,62,[2023-04] 월간 정산.xlsx
23-04-23,1276700,45,[2023-04] 월간 정산.xlsx
23-04-24,0,0,[2023-04] 월간 정산.xlsx
23-04-25,1687700,57,[2023-04] 월간 정산.xlsx
23-04-26,1206200,34,[2023-04] 월간 정산.xlsx
23-04-27,1129600,35,[2023-04] 월간 정산.xlsx
23-04-28,1280400,38,[2023-04] 월간 정산.xlsx
23-04-29,1555100,52,[2023-04] 월간 정산.xlsx
23-04-30,1790900,58,[2023-04] 월간 정산.xlsx
합계,33310500,1055,[2023-04] 월간 정산.xlsx
23-05-01,0,0,[2023-05] 월간 정산.xlsx
23-05-02,1727200,36,[2023-05] 월간 정산.xlsx
23-05-03,1487700,32,[2023-05] 월간 정산.xlsx
23-05-04,1426100,48,[2023-05] 월간 정산.xlsx
23-05-05,2189700,71,[2023-05] 월간 정산.xlsx
23-05-06,1394300,46,[2023-05] 월간 정산.xlsx
23-05-07,1500400,50,[2023-05] 월간 정산.xlsx
23-05-08,0,0,[2023-05] 월간 정산.xlsx
23-05-09,1171700,37,[2023-05] 월간 정산.xlsx
23-05-10,693600,25,[2023-05] 월간 정산.xlsx
23-05-11,1269400,21,[2023-05] 월간 정산.xlsx
23-05-12,1260000,44,[2023-05] 월간 정산.xlsx
23-05-13,1502700,52,[2023-05] 월간 정산.xlsx
23-05-14,1632100,52,[2023-05] 월간 정산.xlsx
23-05-15,0,0,[2023-05] 월간 정산.xlsx
23-05-16,1316800,32,[2023-05] 월간 정산.xlsx
23-05-17,996200,28,[2023-05] 월간 정산.xlsx
23-05-18,1066200,35,[2023-05] 월간 정산.xlsx
23-05-19,1354300,33,[2023-05] 월간 정산.xlsx
23-05-20,1078000,38,[2023-05] 월간 정산.xlsx
23-05-21,1963800,66,[2023-05] 월간 정산.xlsx
23-05-22,0,0,[2023-05] 월간 정산.xlsx
23-05-23,1059300,35,[2023-05] 월간 정산.xlsx
23-05-24,705300,24,[2023-05] 월간 정산.xlsx
23-05-25,1079100,35,[2023-05] 월간 정산.xlsx
23-05-26,619100,20,[2023-05] 월간 정산.xlsx
23-05-27,1192500,42,[2023-05] 월간 정산.xlsx
23-05-28,1242200,43,[2023-05] 월간 정산.xlsx
23-05-29,0,0,[2023-05] 월간 정산.xlsx
23-05-30,1607000,41,[2023-05] 월간 정산.xlsx
23-05-31,1062900,25,[2023-05] 월간 정산.xlsx
합계,33597600,1011,[2023-05] 월간 정산.xlsx
23-06-01,1271000,32,[2023-06] 월간 정산.xlsx
23-06-02,1268500,33,[2023-06] 월간 정산.xlsx
23-06-03,1427200,43,[2023-06] 월간 정산.xlsx
23-06-04,1654300,57,[2023-06] 월간 정산.xlsx
23-06-05,0,0,[2023-06] 월간 정산.xlsx
23-06-06,1004500,36,[2023-06] 월간 정산.xlsx
23-06-07,717300,24,[2023-06] 월간 정산.xlsx
23-06-08,1275100,36,[2023-06] 월간 정산.xlsx
23-06-09,1049500,36,[2023-06] 월간 정산.xlsx
23-06-10,1780000,32,[2023-06] 월간 정산.xlsx
23-06-11,1750900,55,[2023-06] 월간 정산.xlsx
23-06-12,0,0,[2023-06] 월간 정산.xlsx
23-06-13,1204000,43,[2023-06] 월간 정산.xlsx
23-06-14,1135200,34,[2023-06] 월간 정산.xlsx
23-06-15,971200,34,[2023-06] 월간 정산.xlsx
23-06-16,1106100,38,[2023-06] 월간 정산.xlsx
23-06-17,1169500,37,[2023-06] 월간 정산.xlsx
23-06-18,1570600,54,[2023-06] 월간 정산.xlsx
23-06-19,0,0,[2023-06] 월간 정산.xlsx
23-06-20,1056600,35,[2023-06] 월간 정산.xlsx
23-06-21,831600,26,[2023-06] 월간 정산.xlsx
23-06-22,1058000,33,[2023-06] 월간 정산.xlsx
23-06-23,778400,27,[2023-06] 월간 정산.xlsx
23-06-24,1255400,45,[2023-06] 월간 정산.xlsx
23-06-25,1240700,44,[2023-06] 월간 정산.xlsx
23-06-26,0,0,[2023-06] 월간 정산.xlsx
23-06-27,905900,27,[2023-06] 월간 정산.xlsx
23-06-28,649900,24,[2023-06] 월간 정산.xlsx
23-06-29,790700,27,[2023-06] 월간 정산.xlsx
23-06-30,938700,29,[2023-06] 월간 정산.xlsx
합계,29860800,941,[2023-06] 월간 정산.xlsx
23-07-01,1039800,37,[2023-07] 월간 정산.xlsx
23-07-02,1600700,52,[2023-07] 월간 정산.xlsx
23-07-03,0,0,[2023-07] 월간 정산.xlsx
23-07-04,1359100,46,[2023-07] 월간 정산.xlsx
23-07-05,678600,23,[2023-07] 월간 정산.xlsx
23-07-06,856600,29,[2023-07] 월간 정산.xlsx
23-07-07,986800,31,[2023-07] 월간 정산.xlsx
23-07-08,1035700,33,[2023-07] 월간 정산.xlsx
23-07-09,1673800,54,[2023-07] 월간 정산.xlsx
23-07-10,0,0,[2023-07] 월간 정산.xlsx
23-07-11,1412100,48,[2023-07] 월간 정산.xlsx
23-07-12,0,0,[2023-07] 월간 정산.xlsx
23-07-13,434400,15,[2023-07] 월간 정산.xlsx
23-07-14,893300,24,[2023-07] 월간 정산.xlsx
23-07-15,1391600,46,[2023-07] 월간 정산.xlsx
23-07-16,1633300,58,[2023-07] 월간 정산.xlsx
23-07-17,0,0,[2023-07] 월간 정산.xlsx
23-07-18,608800,21,[2023-07] 월간 정산.xlsx
23-07-19,717600,18,[2023-07] 월간 정산.xlsx
23-07-20,102600,2,[2023-07] 월간 정산.xlsx
23-07-21,1145200,29,[2023-07] 월간 정산.xlsx
23-07-22,945800,32,[2023-07] 월간 정산.xlsx
23-07-23,1097000,36,[2023-07] 월간 정산.xlsx
23-07-24,0,0,[2023-07] 월간 정산.xlsx
23-07-25,0,0,[2023-07] 월간 정산.xlsx
23-07-26,0,0,[2023-07] 월간 정산.xlsx
23-07-27,0,0,[2023-07] 월간 정산.xlsx
23-07-28,0,0,[2023-07] 월간 정산.xlsx
23-07-29,0,0,[2023-07] 월간 정산.xlsx
23-07-30,0,0,[2023-07] 월간 정산.xlsx
23-07-31,0,0,[2023-07] 월간 정산.xlsx
합계,19612800,634,[2023-07] 월간 정산.xlsx
23-08-01,0,0,[2023-08] 월간 정산.xlsx
23-08-02,0,0,[2023-08] 월간 정산.xlsx
23-08-03,0,0,[2023-08] 월간 정산.xlsx
23-08-04,0,0,[2023-08] 월간 정산.xlsx
23-08-05,0,0,[2023-08] 월간 정산.xlsx
23-08-06,0,0,[2023-08] 월간 정산.xlsx
23-08-07,0,0,[2023-08] 월간 정산.xlsx
23-08-08,0,0,[2023-08] 월간 정산.xlsx
23-08-09,25900,1,[2023-08] 월간 정산.xlsx
23-08-10,1111800,37,[2023-08] 월간 정산.xlsx
23-08-11,1168700,42,[2023-08] 월간 정산.xlsx
23-08-12,1361400,47,[2023-08] 월간 정산.xlsx
23-08-13,2105400,72,[2023-08] 월간 정산.xlsx
23-08-14,1005100,37,[2023-08] 월간 정산.xlsx
23-08-15,1119200,40,[2023-08] 월간 정산.xlsx
23-08-16,850300,31,[2023-08] 월간 정산.xlsx
23-08-17,1164700,34,[2023-08] 월간 정산.xlsx
23-08-18,1027700,35,[2023-08] 월간 정산.xlsx
23-08-19,1494000,47,[2023-08] 월간 정산.xlsx
23-08-20,1617200,53,[2023-08] 월간 정산.xlsx
23-08-21,0,0,[2023-08] 월간 정산.xlsx
23-08-22,1350400,48,[2023-08] 월간 정산.xlsx
23-08-23,1560900,21,[2023-08] 월간 정산.xlsx
23-08-24,1145800,41,[2023-08] 월간 정산.xlsx
23-08-25,1052200,35,[2023-08] 월간 정산.xlsx
23-08-26,1843900,51,[2023-08] 월간 정산.xlsx
23-08-27,1324800,49,[2023-08] 월간 정산.xlsx
23-08-28,946200,28,[2023-08] 월간 정산.xlsx
23-08-29,1241800,47,[2023-08] 월간 정산.xlsx
23-08-30,0,0,[2023-08] 월간 정산.xlsx
23-08-31,1188300,44,[2023-08] 월간 정산.xlsx
합계,25705700,840,[2023-08] 월간 정산.xlsx
23-09-01,1068400,41,[2023-09] 월간 정산.xlsx
23-09-02,1177200,42,[2023-09] 월간 정산.xlsx
23-09-03,1601000,55,[2023-09] 월간 정산.xlsx
23-09-04,664300,25,[2023-09] 월간 정산.xlsx
23-09-05,778000,23,[2023-09] 월간 정산.xlsx
23-09-06,0,0,[2023-09] 월간 정산.xlsx
23-09-07,941800,34,[2023-09] 월간 정산.xlsx
23-09-08,1603100,56,[2023-09] 월간 정산.xlsx
23-09-09,1439900,51,[2023-09] 월간 정산.xlsx
23-09-10,1709600,58,[2023-09] 월간 정산.xlsx
23-09-11,1135300,34,[2023-09] 월간 정산.xlsx
23-09-12,1039100,36,[2023-09] 월간 정산.xlsx
23-09-13,0,0,[2023-09] 월간 정산.xlsx
23-09-14,1367200,46,[2023-09] 월간 정산.xlsx
23-09-15,1678200,52,[2023-09] 월간 정산.xlsx
23-09-16,1740500,63,[2023-09] 월간 정산.xlsx
23-09-17,0,0,[2023-09] 월간 정산.xlsx
23-09-18,1209800,42,[2023-09] 월간 정산.xlsx
23-09-19,1309700,45,[2023-09] 월간 정산.xlsx
23-09-20,0,0,[2023-09] 월간 정산.xlsx
23-09-21,1498500,52,[2023-09] 월간 정산.xlsx
23-09-22,1472400,50,[2023-09] 월간 정산.xlsx
23-09-23,2504800,88,[2023-09] 월간 정산.xlsx
23-09-24,1464800,39,[2023-09] 월간 정산.xlsx
23-09-25,0,0,[2023-09] 월간 정산.xlsx
23-09-26,1547400,50,[2023-09] 월간 정산.xlsx
23-09-27,1333000,45,[2023-09] 월간 정산.xlsx
23-09-28,2287200,74,[2023-09] 월간 정산.xlsx
23-09-29,3617900,92,[2023-09] 월간 정산.xlsx
23-09-30,0,0,[2023-09] 월간 정산.xlsx
합계,36189100,1193,[2023-09] 월간 정산.xlsx
23-10-01,0,0,[2023-10] 월간 정산.xlsx
23-10-02,1973000,69,[2023-10] 월간 정산.xlsx
23-10-03,1738500,56,[2023-10] 월간 정산.xlsx
23-10-04,1590400,57,[2023-10] 월간 정산.xlsx
23-10-05,0,0,[2023-10] 월간 정산.xlsx
23-10-06,1372200,51,[2023-10] 월간 정산.xlsx
23-10-07,2335300,82,[2023-10] 월간 정산.xlsx
23-10-08,2042800,75,[2023-10] 월간 정산.xlsx
23-10-09,1366600,50,[2023-10] 월간 정산.xlsx
23-10-10,1686000,55,[2023-10] 월간 정산.xlsx
23-10-11,1121000,43,[2023-10] 월간 정산.xlsx
23-10-12,0,0,[2023-10] 월간 정산.xlsx
23-10-13,1207000,43,[2023-10] 월간 정산.xlsx
23-10-14,1832300,62,[2023-10] 월간 정산.xlsx
23-10-15,2702500,77,[2023-10] 월간 정산.xlsx
23-10-16,1014300,39,[2023-10] 월간 정산.xlsx
23-10-17,1448800,46,[2023-10] 월간 정산.xlsx
23-10-18,1332500,48,[2023-10] 월간 정산.xlsx
23-10-19,0,0,[2023-10] 월간 정산.xlsx
23-10-20,1985100,65,[2023-10] 월간 정산.xlsx
23-10-21,1970600,68,[2023-10] 월간 정산.xlsx
23-10-22,2109400,66,[2023-10] 월간 정산.xlsx
23-10-23,1454600,48,[2023-10] 월간 정산.xlsx
23-10-24,1222300,42,[2023-10] 월간 정산.xlsx
23-10-25,1592900,37,[2023-10] 월간 정산.xlsx
23-10-26,0,0,[2023-10] 월간 정산.xlsx
23-10-27,1503000,49,[2023-10] 월간 정산.xlsx
23-10-28,1883800,65,[2023-10] 월간 정산.xlsx
23-10-29,1504900,53,[2023-10] 월간 정산.xlsx
23-10-30,1153200,37,[2023-10] 월간 정산.xlsx
23-10-31,1943200,66,[2023-10] 월간 정산.xlsx
합계,43086200,1449,[2023-10] 월간 정산.xlsx
23-11-01,1281400,46,[2023-11] 월간 정산.xlsx
23-11-02,0,0,[2023-11] 월간 정산.xlsx
23-11-03,1614800,60,[2023-11] 월간 정산.xlsx
23-11-04,2115500,73,[2023-11] 월간 정산.xlsx
23-11-05,2177600,79,[2023-11] 월간 정산.xlsx
23-11-06,989100,30,[2023-11] 월간 정산.xlsx
23-11-07,1787000,56,[2023-11] 월간 정산.xlsx
23-11-08,1127300,37,[2023-11] 월간 정산.xlsx
23-11-09,0,0,[2023-11] 월간 정산.xlsx
23-11-10,1689200,50,[2023-11] 월간 정산.xlsx
23-11-11,1893600,66,[2023-11] 월간 정산.xlsx
23-11-12,2093800,75,[2023-11] 월간 정산.xlsx
23-11-13,1237900,38,[2023-11] 월간 정산.xlsx
23-11-14,1412100,46,[2023-11] 월간 정산.xlsx
23-11-15,1229600,39,[2023-11] 월간 정산.xlsx
23-11-16,0,0,[2023-11] 월간 정산.xlsx
23-11-17,1189000,44,[2023-11] 월간 정산.xlsx
23-11-18,1722800,63,[2023-11] 월간 정산.xlsx
23-11-19,2088500,77,[2023-11] 월간 정산.xlsx
23-11-20,1334300,33,[2023-11] 월간 정산.xlsx
23-11-21,2304300,52,[2023-11] 월간 정산.xlsx
23-11-22,1037000,34,[2023-11] 월간 정산.xlsx
23-11-23,0,0,[2023-11] 월간 정산.xlsx
23-11-24,1345000,48,[2023-11] 월간 정산.xlsx
23-11-25,1986700,71,[2023-11] 월간 정산.xlsx
23-11-26,2074800,71,[2023-11] 월간 정산.xlsx
23-11-27,1678700,42,[2023-11] 월간 정산.xlsx
23-11-28,1396500,42,[2023-11] 월간 정산.xlsx
23-11-29,1487900,52,[2023-11] 월간 정산.xlsx
23-11-30,0,0,[2023-11] 월간 정산.xlsx
합계,40294400,1324,[2023-11] 월간 정산.xlsx
23-12-01,1431200,51,[2023-12] 월간 정산.xlsx
23-12-02,2068400,69,[2023-12] 월간 정산.xlsx
23-12-03,1463500,51,[2023-12] 월간 정산.xlsx
23-12-04,1651800,32,[2023-12] 월간 정산.xlsx
23-12-05,1050100,39,[2023-12] 월간 정산.xlsx
23-12-06,1239600,43,[2023-12] 월간 정산.xlsx
23-12-07,0,0,[2023-12] 월간 정산.xlsx
23-12-08,1403700,47,[2023-12] 월간 정산.xlsx
23-12-09,2319300,68,[2023-12] 월간 정산.xlsx
23-12-10,1596000,57,[2023-12] 월간 정산.xlsx
23-12-11,1668900,39,[2023-12] 월간 정산.xlsx
23-12-12,1577700,54,[2023-12] 월간 정산.xlsx
23-12-13,1671600,39,[2023-12] 월간 정산.xlsx
23-12-14,0,0,[2023-12] 월간 정산.xlsx
23-12-15,1289700,48,[2023-12] 월간 정산.xlsx
23-12-16,2543100,79,[2023-12] 월간 정산.xlsx
23-12-17,2172200,79,[2023-12] 월간 정산.xlsx
23-12-18,1354400,42,[2023-12] 월간 정산.xlsx
23-12-19,1097700,38,[2023-12] 월간 정산.xlsx
23-12-20,1848800,50,[2023-12] 월간 정산.xlsx
23-12-21,343500,1,[2023-12] 월간 정산.xlsx
23-12-22,1350900,44,[2023-12] 월간 정산.xlsx
23-12-23,1500700,53,[2023-12] 월간 정산.xlsx
23-12-24,3391000,109,[2023-12] 월간 정산.xlsx
23-12-25,2303800,79,[2023-12] 월간 정산.xlsx
23-12-26,1035700,32,[2023-12] 월간 정산.xlsx
23-12-27,1640900,36,[2023-12] 월간 정산.xlsx
23-12-28,0,0,[2023-12] 월간 정산.xlsx
23-12-29,1722000,57,[2023-12] 월간 정산.xlsx
23-12-30,2003400,61,[2023-12] 월간 정산.xlsx
23-12-31,3198300,107,[2023-12] 월간 정산.xlsx
합계,47937900,1504,[2023-12] 월간 정산.xlsx
24-01-01,2108600,73,[2024-01] 월간 정산.xlsx
24-01-02,1728100,46,[2024-01] 월간 정산.xlsx
24-01-03,1405800,33,[2024-01] 월간 정산.xlsx
24-01-04,229000,1,[2024-01] 월간 정산.xlsx
24-01-05,1319000,39,[2024-01] 월간 정산.xlsx
24-01-06,1607400,56,[2024-01] 월간 정산.xlsx
24-01-07,2172000,63,[2024-01] 월간 정산.xlsx
24-01-08,667500,22,[2024-01] 월간 정산.xlsx
24-01-09,1236500,44,[2024-01] 월간 정산.xlsx
24-01-10,1747000,47,[2024-01] 월간 정산.xlsx
24-01-11,0,0,[2024-01] 월간 정산.xlsx
24-01-12,1464900,46,[2024-01] 월간 정산.xlsx
24-01-13,1307600,48,[2024-01] 월간 정산.xlsx
24-01-14,1538200,55,[2024-01] 월간 정산.xlsx
24-01-15,1347600,47,[2024-01] 월간 정산.xlsx
24-01-16,1248700,35,[2024-01] 월간 정산.xlsx
24-01-17,1576100,53,[2024-01] 월간 정산.xlsx
24-01-18,0,0,[2024-01] 월간 정산.xlsx
24-01-19,1704700,57,[2024-01] 월간 정산.xlsx
24-01-20,2409900,84,[2024-01] 월간 정산.xlsx
24-01-21,1588700,55,[2024-01] 월간 정산.xlsx
24-01-22,1383600,45,[2024-01] 월간 정산.xlsx
24-01-23,1385700,51,[2024-01] 월간 정산.xlsx
24-01-24,1517900,43,[2024-01] 월간 정산.xlsx
24-01-25,0,0,[2024-01] 월간 정산.xlsx
24-01-26,1367300,48,[2024-01] 월간 정산.xlsx
24-01-27,1667900,49,[2024-01] 월간 정산.xlsx
24-01-28,1721900,59,[2024-01] 월간 정산.xlsx
24-01-29,1521400,54,[2024-01] 월간 정산.xlsx
24-01-30,1842700,64,[2024-01] 월간 정산.xlsx
24-01-31,2047200,61,[2024-01] 월간 정산.xlsx
합계,42862900,1378,[2024-01] 월간 정산.xlsx
24-02-01,0,0,[2024-02] 월간 정산.xlsx
24-02-02,1513400,48,[2024-02] 월간 정산.xlsx
24-02-03,1729600,60,[2024-02] 월간 정산.xlsx
24-02-04,1845400,63,[2024-02] 월간 정산.xlsx
24-02-05,1132300,34,[2024-02] 월간 정산.xlsx
24-02-06,1244500,44,[2024-02] 월간 정산.xlsx
24-02-07,1137500,33,[2024-02] 월간 정산.xlsx
24-02-08,1441000,49,[2024-02] 월간 정산.xlsx
24-02-09,1118400,38,[2024-02] 월간 정산.xlsx
24-02-10,1931700,62,[2024-02] 월간 정산.xlsx
24-02-11,2159400,69,[2024-02] 월간 정산.xlsx
24-02-12,1210600,41,[2024-02] 월간 정산.xlsx
24-02-13,861700,29,[2024-02] 월간 정산.xlsx
24-02-14,1023400,36,[2024-02] 월간 정산.xlsx
24-02-15,435600,14,[2024-02] 월간 정산.xlsx
24-02-16,0,0,[2024-02] 월간 정산.xlsx
24-02-17,1385400,46,[2024-02] 월간 정산.xlsx
24-02-18,1610700,59,[2024-02] 월간 정산.xlsx
24-02-19,1351800,41,[2024-02] 월간 정산.xlsx
24-02-20,1288900,45,[2024-02] 월간 정산.xlsx
24-02-21,1266100,40,[2024-02] 월간 정산.xlsx
24-02-22,0,0,[2024-02] 월간 정산.xlsx
24-02-23,1329800,48,[2024-02] 월간 정산.xlsx
24-02-24,1757100,58,[2024-02] 월간 정산.xlsx
24-02-25,2110900,74,[2024-02] 월간 정산.xlsx
24-02-26,610600,22,[2024-02] 월간 정산.xlsx
24-02-27,1239900,43,[2024-02] 월간 정산.xlsx
24-02-28,961003,29,[2024-02] 월간 정산.xlsx
24-02-29,0,0,[2024-02] 월간 정산.xlsx
합계,33696703,1125,[2024-02] 월간 정산.xlsx
24-03-01,2061000,66,[2024-03] 월간 정산.xlsx
24-03-02,1329000,48,[2024-03] 월간 정산.xlsx
24-03-03,1907200,67,[2024-03] 월간 정산.xlsx
24-03-04,1189300,35,[2024-03] 월간 정산.xlsx
24-03-05,1495900,52,[2024-03] 월간 정산.xlsx
24-03-06,1105600,28,[2024-03] 월간 정산.xlsx
24-03-07,0,0,[2024-03] 월간 정산.xlsx
24-03-08,1745400,56,[2024-03] 월간 정산.xlsx
24-03-09,1329700,49,[2024-03] 월간 정산.xlsx
24-03-10,2000000,68,[2024-03] 월간 정산.xlsx
24-03-11,1130500,37,[2024-03] 월간 정산.xlsx
24-03-12,1396900,43,[2024-03] 월간 정산.xlsx
24-03-13,976400,34,[2024-03] 월간 정산.xlsx
24-03-14,403500,1,[2024-03] 월간 정산.xlsx
24-03-15,1637200,58,[2024-03] 월간 정산.xlsx
24-03-16,1711200,59,[2024-03] 월간 정산.xlsx
24-03-17,1787700,62,[2024-03] 월간 정산.xlsx
24-03-18,1000000,33,[2024-03] 월간 정산.xlsx
24-03-19,1170300,42,[2024-03] 월간 정산.xlsx
24-03-20,900600,33,[2024-03] 월간 정산.xlsx
24-03-21,921300,32,[2024-03] 월간 정산.xlsx
24-03-22,1292200,46,[2024-03] 월간 정산.xlsx
24-03-23,1259100,41,[2024-03] 월간 정산.xlsx
24-03-24,1489600,52,[2024-03] 월간 정산.xlsx
24-03-25,1114600,34,[2024-03] 월간 정산.xlsx
24-03-26,1489800,51,[2024-03] 월간 정산.xlsx
24-03-27,988300,29,[2024-03] 월간 정산.xlsx
24-03-28,0,0,[2024-03] 월간 정산.xlsx
24-03-29,981200,35,[2024-03] 월간 정산.xlsx
24-03-30,1477800,49,[2024-03] 월간 정산.xlsx
24-03-31,1831200,56,[2024-03] 월간 정산.xlsx
합계,39122500,1296,[2024-03] 월간 정산.xlsx
24-04-01,1293200,37,[2024-04] 월간 정산.xlsx
24-04-02,1220800,40,[2024-04] 월간 정산.xlsx
24-04-03,794100,28,[2024-04] 월간 정산.xlsx
24-04-04,544900,18,[2024-04] 월간 정산.xlsx
24-04-05,1249500,36,[2024-04] 월간 정산.xlsx
24-04-06,1462300,48,[2024-04] 월간 정산.xlsx
24-04-07,1493100,53,[2024-04] 월간 정산.xlsx
24-04-08,804500,27,[2024-04] 월간 정산.xlsx
24-04-09,1471900,49,[2024-04] 월간 정산.xlsx
24-04-10,1059300,39,[2024-04] 월간 정산.xlsx
24-04-11,381500,14,[2024-04] 월간 정산.xlsx
24-04-12,1171000,41,[2024-04] 월간 정산.xlsx
24-04-13,1315200,47,[2024-04] 월간 정산.xlsx
24-04-14,1817300,61,[2024-04] 월간 정산.xlsx
24-04-15,1042200,36,[2024-04] 월간 정산.xlsx
24-04-16,1322100,38,[2024-04] 월간 정산.xlsx
24-04-17,585700,19,[2024-04] 월간 정산.xlsx
24-04-18,0,0,[2024-04] 월간 정산.xlsx
24-04-19,1196200,40,[2024-04] 월간 정산.xlsx
24-04-20,2007800,69,[2024-04] 월간 정산.xlsx
24-04-21,1487500,49,[2024-04] 월간 정산.xlsx
24-04-22,894200,26,[2024-04] 월간 정산.xlsx
24-04-23,1504800,45,[2024-04] 월간 정산.xlsx
24-04-24,875600,30,[2024-04] 월간 정산.xlsx
24-04-25,0,0,[2024-04] 월간 정산.xlsx
24-04-26,2057100,49,[2024-04] 월간 정산.xlsx
24-04-27,1433400,51,[2024-04] 월간 정산.xlsx
24-04-28,1740000,56,[2024-04] 월간 정산.xlsx
24-04-29,1308200,43,[2024-04] 월간 정산.xlsx
24-04-30,1697600,55,[2024-04] 월간 정산.xlsx
합계,35231000,1144,[2024-04] 월간 정산.xlsx
24-05-01,1947300,47,[2024-05] 월간 정산.xlsx
24-05-02,750300,25,[2024-05] 월간 정산.xlsx
24-05-03,2374100,58,[2024-05] 월간 정산.xlsx
24-05-04,2055800,66,[2024-05] 월간 정산.xlsx
24-05-05,2315700,72,[2024-05] 월간 정산.xlsx
24-05-06,960200,34,[2024-05] 월간 정산.xlsx
24-05-07,1911900,57,[2024-05] 월간 정산.xlsx
24-05-08,1273000,35,[2024-05] 월간 정산.xlsx
24-05-09,0,0,[2024-05] 월간 정산.xlsx
24-05-10,1313500,43,[2024-05] 월간 정산.xlsx
24-05-11,1799800,46,[2024-05] 월간 정산.xlsx
24-05-12,1616400,54,[2024-05] 월간 정산.xlsx
24-05-13,609000,20,[2024-05] 월간 정산.xlsx
24-05-14,1617600,55,[2024-05] 월간 정산.xlsx
24-05-15,1837300,63,[2024-05] 월간 정산.xlsx
24-05-16,0,0,[2024-05] 월간 정산.xlsx
24-05-17,988300,33,[2024-05] 월간 정산.xlsx
24-05-18,2014700,63,[2024-05] 월간 정산.xlsx
24-05-19,1270300,46,[2024-05] 월간 정산.xlsx
24-05-20,1126500,33,[2024-05] 월간 정산.xlsx
24-05-21,1834000,46,[2024-05] 월간 정산.xlsx
24-05-22,1088400,32,[2024-05] 월간 정산.xlsx
24-05-23,0,0,[2024-05] 월간 정산.xlsx
24-05-24,1696800,52,[2024-05] 월간 정산.xlsx
24-05-25,1631600,53,[2024-05] 월간 정산.xlsx
24-05-26,1965100,68,[2024-05] 월간 정산.xlsx
24-05-27,1264400,35,[2024-05] 월간 정산.xlsx
24-05-28,1656400,43,[2024-05] 월간 정산.xlsx
24-05-29,1108300,33,[2024-05] 월간 정산.xlsx
24-05-30,0,0,[2024-05] 월간 정산.xlsx
24-05-31,1411800,51,[2024-05] 월간 정산.xlsx
합계,41438500,1263,[2024-05] 월간 정산.xlsx
24-06-01,1474400,50,[2024-06] 월간 정산.xlsx
24-06-02,1944300,67,[2024-06] 월간 정산.xlsx
24-06-03,0,0,[2024-06] 월간 정산.xlsx
24-06-04,1557900,44,[2024-06] 월간 정산.xlsx
24-06-05,1452100,44,[2024-06] 월간 정산.xlsx
24-06-06,1222900,45,[2024-06] 월간 정산.xlsx
24-06-07,1126700,40,[2024-06] 월간 정산.xlsx
24-06-08,1622000,61,[2024-06] 월간 정산.xlsx
24-06-09,1619900,59,[2024-06] 월간 정산.xlsx
24-06-10,937000,30,[2024-06] 월간 정산.xlsx
24-06-11,1562900,52,[2024-06] 월간 정산.xlsx
24-06-12,1363100,42,[2024-06] 월간 정산.xlsx
24-06-13,348600,1,[2024-06] 월간 정산.xlsx
24-06-14,0,0,[2024-06] 월간 정산.xlsx
24-06-15,1925500,67,[2024-06] 월간 정산.xlsx
24-06-16,1335900,50,[2024-06] 월간 정산.xlsx
24-06-17,1478600,44,[2024-06] 월간 정산.xlsx
24-06-18,1276900,46,[2024-06] 월간 정산.xlsx
24-06-19,1387900,47,[2024-06] 월간 정산.xlsx
24-06-20,1255100,45,[2024-06] 월간 정산.xlsx
24-06-21,1284500,48,[2024-06] 월간 정산.xlsx
24-06-22,1915600,70,[2024-06] 월간 정산.xlsx
24-06-23,1956900,70,[2024-06] 월간 정산.xlsx
24-06-24,802300,31,[2024-06] 월간 정산.xlsx
24-06-25,1239200,41,[2024-06] 월간 정산.xlsx
24-06-26,1006400,34,[2024-06] 월간 정산.xlsx
24-06-27,0,0,[2024-06] 월간 정산.xlsx
24-06-28,1746400,57,[2024-06] 월간 정산.xlsx
24-06-29,1952800,66,[2024-06] 월간 정산.xlsx
24-06-30,1661000,60,[2024-06] 월간 정산.xlsx
합계,38456800,1311,[2024-06] 월간 정산.xlsx
24-07-01,840400,31,[2024-07] 월간 정산.xlsx
24-07-02,1098700,40,[2024-07] 월간 정산.xlsx
24-07-03,1301900,46,[2024-07] 월간 정산.xlsx
24-07-04,0,0,[2024-07] 월간 정산.xlsx
24-07-05,1864000,55,[2024-07] 월간 정산.xlsx
24-07-06,1887600,62,[2024-07] 월간 정산.xlsx
24-07-07,1730900,58,[2024-07] 월간 정산.xlsx
24-07-08,0,0,[2024-07] 월간 정산.xlsx
24-07-09,1582600,48,[2024-07] 월간 정산.xlsx
24-07-10,1133200,41,[2024-07] 월간 정산.xlsx
24-07-11,1342100,45,[2024-07] 월간 정산.xlsx
24-07-12,1880600,54,[2024-07] 월간 정산.xlsx
24-07-13,1685500,59,[2024-07] 월간 정산.xlsx
24-07-14,1826900,64,[2024-07] 월간 정산.xlsx
24-07-15,0,0,[2024-07] 월간 정산.xlsx
24-07-16,2038700,51,[2024-07] 월간 정산.xlsx
24-07-17,1669000,42,[2024-07] 월간 정산.xlsx
24-07-18,1144500,36,[2024-07] 월간 정산.xlsx
24-07-19,1508700,52,[2024-07] 월간 정산.xlsx
24-07-20,1292000,45,[2024-07] 월간 정산.xlsx
24-07-21,1616300,55,[2024-07] 월간 정산.xlsx
24-07-22,853400,18,[2024-07] 월간 정산.xlsx
24-07-23,1453400,45,[2024-07] 월간 정산.xlsx
24-07-24,1271100,39,[2024-07] 월간 정산.xlsx
24-07-25,1739800,58,[2024-07] 월간 정산.xlsx
24-07-26,1474800,53,[2024-07] 월간 정산.xlsx
24-07-27,1543300,54,[2024-07] 월간 정산.xlsx
24-07-28,2260600,61,[2024-07] 월간 정산.xlsx
24-07-29,0,0,[2024-07] 월간 정산.xlsx
24-07-30,1716900,55,[2024-07] 월간 정산.xlsx
24-07-31,1353800,39,[2024-07] 월간 정산.xlsx
합계,41110700,1306,[2024-07] 월간 정산.xlsx
24-08-01,1176000,35,[2024-08] 월간 정산.xlsx
24-08-02,1434800,51,[2024-08] 월간 정산.xlsx
24-08-03,1528000,53,[2024-08] 월간 정산.xlsx
24-08-04,2165900,78,[2024-08] 월간 정산.xlsx
24-08-05,0,0,[2024-08] 월간 정산.xlsx
24-08-06,1621800,59,[2024-08] 월간 정산.xlsx
24-08-07,1866300,67,[2024-08] 월간 정산.xlsx
24-08-08,1220900,41,[2024-08] 월간 정산.xlsx
24-08-09,1415900,49,[2024-08] 월간 정산.xlsx
24-08-10,1155100,40,[2024-08] 월간 정산.xlsx
24-08-11,2339000,83,[2024-08] 월간 정산.xlsx
24-08-12,0,0,[2024-08] 월간 정산.xlsx
24-08-13,1788000,60,[2024-08] 월간 정산.xlsx
24-08-14,1996600,67,[2024-08] 월간 정산.xlsx
24-08-15,1028500,35,[2024-08] 월간 정산.xlsx
24-08-16,1175500,42,[2024-08] 월간 정산.xlsx
24-08-17,2240000,73,[2024-08] 월간 정산.xlsx
24-08-18,1480600,52,[2024-08] 월간 정산.xlsx
24-08-19,769500,28,[2024-08] 월간 정산.xlsx
24-08-20,1286700,43,[2024-08] 월간 정산.xlsx
24-08-21,1612800,42,[2024-08] 월간 정산.xlsx
24-08-22,0,0,[2024-08] 월간 정산.xlsx
24-08-23,1171200,41,[2024-08] 월간 정산.xlsx
24-08-24,1800700,59,[2024-08] 월간 정산.xlsx
24-08-25,1923700,68,[2024-08] 월간 정산.xlsx
24-08-26,972800,34,[2024-08] 월간 정산.xlsx
24-08-27,1567900,52,[2024-08] 월간 정산.xlsx
24-08-28,1202200,44,[2024-08] 월간 정산.xlsx
24-08-29,0,0,[2024-08] 월간 정산.xlsx
24-08-30,1503400,51,[2024-08] 월간 정산.xlsx
24-08-31,2281900,84,[2024-08] 월간 정산.xlsx
합계,41725700,1431,[2024-08] 월간 정산.xlsx
24-09-01,1706300,60,[2024-09] 월간 정산.xlsx
24-09-02,936800,35,[2024-09] 월간 정산.xlsx
24-09-03,1340000,41,[2024-09] 월간 정산.xlsx
24-09-04,1225000,43,[2024-09] 월간 정산.xlsx
24-09-05,0,0,[2024-09] 월간 정산.xlsx
24-09-06,1533900,56,[2024-09] 월간 정산.xlsx
24-09-07,2184700,72,[2024-09] 월간 정산.xlsx
24-09-08,2023500,68,[2024-09] 월간 정산.xlsx
24-09-09,0,0,[2024-09] 월간 정산.xlsx
24-09-10,1659400,55,[2024-09] 월간 정산.xlsx
24-09-11,1399300,43,[2024-09] 월간 정산.xlsx
24-09-12,951400,34,[2024-09] 월간 정산.xlsx
24-09-13,1486500,49,[2024-09] 월간 정산.xlsx
24-09-14,1910600,63,[2024-09] 월간 정산.xlsx
24-09-15,1968000,64,[2024-09] 월간 정산.xlsx
24-09-16,2580400,78,[2024-09] 월간 정산.xlsx
24-09-17,3092200,98,[2024-09] 월간 정산.xlsx
24-09-18,1386800,43,[2024-09] 월간 정산.xlsx
24-09-19,0,0,[2024-09] 월간 정산.xlsx
24-09-20,0,0,[2024-09] 월간 정산.xlsx
24-09-21,1094600,35,[2024-09] 월간 정산.xlsx
24-09-22,1983400,69,[2024-09] 월간 정산.xlsx
24-09-23,1098000,35,[2024-09] 월간 정산.xlsx
24-09-24,1371500,43,[2024-09] 월간 정산.xlsx
24-09-25,1668700,37,[2024-09] 월간 정산.xlsx
24-09-26,916400,19,[2024-09] 월간 정산.xlsx
24-09-27,989500,32,[2024-09] 월간 정산.xlsx
24-09-28,1560500,49,[2024-09] 월간 정산.xlsx
24-09-29,1898700,58,[2024-09] 월간 정산.xlsx
24-09-30,0,0,[2024-09] 월간 정산.xlsx
합계,39966100,1279,[2024-09] 월간 정산.xlsx
24-10-01,1775900,58,[2024-10] 월간 정산.xlsx
24-10-02,1445100,50,[2024-10] 월간 정산.xlsx
24-10-03,1643500,56,[2024-10] 월간 정산.xlsx
24-10-04,1487500,48,[2024-10] 월간 정산.xlsx
24-10-05,2188500,63,[2024-10] 월간 정산.xlsx
24-10-06,1695500,55,[2024-10] 월간 정산.xlsx
24-10-07,940100,30,[2024-10] 월간 정산.xlsx
24-10-08,1463700,43,[2024-10] 월간 정산.xlsx
24-10-09,1511100,48,[2024-10] 월간 정산.xlsx
24-10-10,512300,17,[2024-10] 월간 정산.xlsx
24-10-11,1779000,56,[2024-10] 월간 정산.xlsx
24-10-12,1596200,58,[2024-10] 월간 정산.xlsx
24-10-13,2130200,73,[2024-10] 월간 정산.xlsx
24-10-14,0,0,[2024-10] 월간 정산.xlsx
24-10-15,1801300,63,[2024-10] 월간 정산.xlsx
24-10-16,1213100,36,[2024-10] 월간 정산.xlsx
24-10-17,1692200,34,[2024-10] 월간 정산.xlsx
24-10-18,1417300,46,[2024-10] 월간 정산.xlsx
24-10-19,1222700,41,[2024-10] 월간 정산.xlsx
24-10-20,2043000,61,[2024-10] 월간 정산.xlsx
24-10-21,1453500,39,[2024-10] 월간 정산.xlsx
24-10-22,1349400,47,[2024-10] 월간 정산.xlsx
24-10-23,1607100,46,[2024-10] 월간 정산.xlsx
24-10-24,0,0,[2024-10] 월간 정산.xlsx
24-10-25,1800300,55,[2024-10] 월간 정산.xlsx
24-10-26,2151300,70,[2024-10] 월간 정산.xlsx
24-10-27,2300200,64,[2024-10] 월간 정산.xlsx
24-10-28,0,0,[2024-10] 월간 정산.xlsx
24-10-29,1524200,44,[2024-10] 월간 정산.xlsx
24-10-30,2130000,32,[2024-10] 월간 정산.xlsx
24-10-31,1623000,33,[2024-10] 월간 정산.xlsx
합계,45497200,1366,[2024-10] 월간 정산.xlsx
24-11-01,2219800,63,[2024-11] 월간 정산.xlsx
24-11-02,2214900,67,[2024-11] 월간 정산.xlsx
24-11-03,2623700,88,[2024-11] 월간 정산.xlsx
24-11-04,0,0,[2024-11] 월간 정산.xlsx
24-11-05,1201000,32,[2024-11] 월간 정산.xlsx
24-11-06,2121500,54,[2024-11] 월간 정산.xlsx
24-11-07,1623100,44,[2024-11] 월간 정산.xlsx
24-11-08,1792900,46,[2024-11] 월간 정산.xlsx
24-11-09,1691900,59,[2024-11] 월간 정산.xlsx
24-11-10,1967700,65,[2024-11] 월간 정산.xlsx
24-11-11,0,0,[2024-11] 월간 정산.xlsx
24-11-12,1427400,44,[2024-11] 월간 정산.xlsx
24-11-13,1004500,35,[2024-11] 월간 정산.xlsx
24-11-14,1319700,44,[2024-11] 월간 정산.xlsx
24-11-15,1978000,58,[2024-11] 월간 정산.xlsx
24-11-16,1624900,51,[2024-11] 월간 정산.xlsx
24-11-17,2026100,68,[2024-11] 월간 정산.xlsx
24-11-18,0,0,[2024-11] 월간 정산.xlsx
24-11-19,1876400,58,[2024-11] 월간 정산.xlsx
24-11-20,1452300,49,[2024-11] 월간 정산.xlsx
24-11-21,1483100,45,[2024-11] 월간 정산.xlsx
24-11-22,1481500,44,[2024-11] 월간 정산.xlsx
24-11-23,2204200,70,[2024-11] 월간 정산.xlsx
24-11-24,2193800,77,[2024-11] 월간 정산.xlsx
24-11-25,601700,4,[2024-11] 월간 정산.xlsx
24-11-26,1547500,48,[2024-11] 월간 정산.xlsx
24-11-27,1532500,52,[2024-11] 월간 정산.xlsx
24-11-28,0,0,[2024-11] 월간 정산.xlsx
24-11-29,2160700,55,[2024-11] 월간 정산.xlsx
24-11-30,2140600,68,[2024-11] 월간 정산.xlsx
합계,45511400,1388,[2024-11] 월간 정산.xlsx
24-12-01,1966900,66,[2024-12] 월간 정산.xlsx
24-12-02,0,0,[2024-12] 월간 정산.xlsx
24-12-03,1926400,55,[2024-12] 월간 정산.xlsx
24-12-04,1864500,36,[2024-12] 월간 정산.xlsx
24-12-05,1185700,34,[2024-12] 월간 정산.xlsx
24-12-06,1614700,51,[2024-12] 월간 정산.xlsx
24-12-07,2016400,66,[2024-12] 월간 정산.xlsx
24-12-08,1967600,66,[2024-12] 월간 정산.xlsx
24-12-09,0,0,[2024-12] 월간 정산.xlsx
24-12-10,1636200,37,[2024-12] 월간 정산.xlsx
24-12-11,1621500,47,[2024-12] 월간 정산.xlsx
24-12-12,1313200,48,[2024-12] 월간 정산.xlsx
24-12-13,2366700,76,[2024-12] 월간 정산.xlsx
24-12-14,2103400,72,[2024-12] 월간 정산.xlsx
24-12-15,2004400,67,[2024-12] 월간 정산.xlsx
24-12-16,406400,1,[2024-12] 월간 정산.xlsx
24-12-17,1398100,45,[2024-12] 월간 정산.xlsx
24-12-18,2073500,46,[2024-12] 월간 정산.xlsx
24-12-19,2380000,46,[2024-12] 월간 정산.xlsx
24-12-20,1935500,58,[2024-12] 월간 정산.xlsx
24-12-21,2044600,67,[2024-12] 월간 정산.xlsx
24-12-22,2150900,74,[2024-12] 월간 정산.xlsx
24-12-23,0,0,[2024-12] 월간 정산.xlsx
24-12-24,3226400,87,[2024-12] 월간 정산.xlsx
24-12-25,2632000,71,[2024-12] 월간 정산.xlsx
24-12-26,1561100,35,[2024-12] 월간 정산.xlsx
24-12-27,2533100,43,[2024-12] 월간 정산.xlsx
24-12-28,2251600,69,[2024-12] 월간 정산.xlsx
24-12-29,1625400,58,[2024-12] 월간 정산.xlsx
24-12-30,0,0,[2024-12] 월간 정산.xlsx
24-12-31,2598800,81,[2024-12] 월간 정산.xlsx
합계,52405000,1502,[2024-12] 월간 정산.xlsx
25-01-01,2175200,72,[2025-01] 월간 정산.xlsx
25-01-02,0,0,[2025-01] 월간 정산.xlsx
25-01-03,1639100,41,[2025-01] 월간 정산.xlsx
25-01-04,2228700,67,[2025-01] 월간 정산.xlsx
25-01-05,1962800,67,[2025-01] 월간 정산.xlsx
25-01-06,0,0,[2025-01] 월간 정산.xlsx
25-01-07,2066400,61,[2025-01] 월간 정산.xlsx
25-01-08,1810500,50,[2025-01] 월간 정산.xlsx
25-01-09,1227900,35,[2025-01] 월간 정산.xlsx
25-01-10,2045200,68,[2025-01] 월간 정산.xlsx
25-01-11,1720800,53,[2025-01] 월간 정산.xlsx
25-01-12,1887600,66,[2025-01] 월간 정산.xlsx
25-01-13,0,0,[2025-01] 월간 정산.xlsx
25-01-14,3411000,55,[2025-01] 월간 정산.xlsx
25-01-15,1864200,61,[2025-01] 월간 정산.xlsx
25-01-16,1232400,43,[2025-01] 월간 정산.xlsx
25-01-17,1333000,47,[2025-01] 월간 정산.xlsx
25-01-18,1433200,48,[2025-01] 월간 정산.xlsx
25-01-19,1973500,69,[2025-01] 월간 정산.xlsx
25-01-20,0,0,[2025-01] 월간 정산.xlsx
25-01-21,1285100,43,[2025-01] 월간 정산.xlsx
25-01-22,1907400,40,[2025-01] 월간 정산.xlsx
25-01-23,1172900,39,[2025-01] 월간 정산.xlsx
25-01-24,1593000,49,[2025-01] 월간 정산.xlsx
25-01-25,1908100,63,[2025-01] 월간 정산.xlsx
25-01-26,2017600,71,[2025-01] 월간 정산.xlsx
25-01-27,1790700,58,[2025-01] 월간 정산.xlsx
25-01-28,1959600,57,[2025-01] 월간 정산.xlsx
25-01-29,2735500,82,[2025-01] 월간 정산.xlsx
25-01-30,1674200,52,[2025-01] 월간 정산.xlsx
25-01-31,2174000,65,[2025-01] 월간 정산.xlsx
합계,50229600,1522,[2025-01] 월간 정산.xlsx
25-02-01,1947100,60,[2025-02] 월간 정산.xlsx
25-02-02,1733100,38,[2025-02] 월간 정산.xlsx
25-02-03,0,0,[2025-02] 월간 정산.xlsx
25-02-04,2369600,70,[2025-02] 월간 정산.xlsx
25-02-05,1526800,48,[2025-02] 월간 정산.xlsx
25-02-06,0,0,[2025-02] 월간 정산.xlsx
25-02-07,447000,3,[2025-02] 월간 정산.xlsx
25-02-08,2389900,80,[2025-02] 월간 정산.xlsx
25-02-09,1967600,66,[2025-02] 월간 정산.xlsx
25-02-10,0,0,[2025-02] 월간 정산.xlsx
25-02-11,1347500,47,[2025-02] 월간 정산.xlsx
25-02-12,1535000,43,[2025-02] 월간 정산.xlsx
25-02-13,1937400,53,[2025-02] 월간 정산.xlsx
25-02-14,1363500,47,[2025-02] 월간 정산.xlsx
25-02-15,824500,29,[2025-02] 월간 정산.xlsx
25-02-16,1841700,62,[2025-02] 월간 정산.xlsx
25-02-17,0,0,[2025-02] 월간 정산.xlsx
25-02-18,1703500,56,[2025-02] 월간 정산.xlsx
25-02-19,1944700,63,[2025-02] 월간 정산.xlsx
25-02-20,1785300,62,[2025-02] 월간 정산.xlsx
25-02-21,1744300,62,[2025-02] 월간 정산.xlsx
25-02-22,1693100,58,[2025-02] 월간 정산.xlsx
25-02-23,2298000,76,[2025-02] 월간 정산.xlsx
25-02-24,0,0,[2025-02] 월간 정산.xlsx
25-02-25,1303900,47,[2025-02] 월간 정산.xlsx
25-02-26,1479400,51,[2025-02] 월간 정산.xlsx
25-02-27,2148100,58,[2025-02] 월간 정산.xlsx
25-02-28,1942200,61,[2025-02] 월간 정산.xlsx
합계,39273200,1240,[2025-02] 월간 정산.xlsx
25-03-01,1659900,56,[2025-03] 월간 정산.xlsx
25-03-02,2300500,81,[2025-03] 월간 정산.xlsx
25-03-03,1322700,42,[2025-03] 월간 정산.xlsx
25-03-04,1568500,51,[2025-03] 월간 정산.xlsx
25-03-05,1300600,46,[2025-03] 월간 정산.xlsx
25-03-06,1348900,41,[2025-03] 월간 정산.xlsx
25-03-07,1537000,53,[2025-03] 월간 정산.xlsx
25-03-08,2082600,63,[2025-03] 월간 정산.xlsx
25-03-09,1963000,67,[2025-03] 월간 정산.xlsx
25-03-10,0,0,[2025-03] 월간 정산.xlsx
25-03-11,1346100,45,[2025-03] 월간 정산.xlsx
25-03-12,1120200,39,[2025-03] 월간 정산.xlsx
25-03-13,1375600,39,[2025-03] 월간 정산.xlsx
25-03-14,1813500,63,[2025-03] 월간 정산.xlsx
25-03-15,2217600,80,[2025-03] 월간 정산.xlsx
25-03-16,2182200,77,[2025-03] 월간 정산.xlsx
25-03-17,0,0,[2025-03] 월간 정산.xlsx
25-03-18,2102500,59,[2025-03] 월간 정산.xlsx
25-03-19,1405200,46,[2025-03] 월간 정산.xlsx
25-03-20,1388200,39,[2025-03] 월간 정산.xlsx
25-03-21,1552000,56,[2025-03] 월간 정산.xlsx
25-03-22,2196200,58,[2025-03] 월간 정산.xlsx
25-03-23,2311600,80,[2025-03] 월간 정산.xlsx
25-03-24,931400,32,[2025-03] 월간 정산.xlsx
25-03-25,1873500,50,[2025-03] 월간 정산.xlsx
25-03-26,1016000,33,[2025-03] 월간 정산.xlsx
25-03-27,891800,30,[2025-03] 월간 정산.xlsx
25-03-28,1806500,56,[2025-03] 월간 정산.xlsx
25-03-29,2138200,71,[2025-03] 월간 정산.xlsx
25-03-30,2147900,78,[2025-03] 월간 정산.xlsx
25-03-31,0,0,[2025-03] 월간 정산.xlsx
합계,46899900,1531,[2025-03] 월간 정산.xlsx
25-04-01,1519400,52,[2025-04] 월간 정산.xlsx
25-04-02,1569800,53,[2025-04] 월간 정산.xlsx
25-04-03,1564900,50,[2025-04] 월간 정산.xlsx
25-04-04,2191500,67,[2025-04] 월간 정산.xlsx
25-04-05,2136900,71,[2025-04] 월간 정산.xlsx
25-04-06,2263900,82,[2025-04] 월간 정산.xlsx
25-04-07,0,0,[2025-04] 월간 정산.xlsx
25-04-08,2105200,60,[2025-04] 월간 정산.xlsx
25-04-09,1199000,43,[2025-04] 월간 정산.xlsx
25-04-10,1893400,46,[2025-04] 월간 정산.xlsx
25-04-11,1392900,48,[2025-04] 월간 정산.xlsx
25-04-12,2237500,77,[2025-04] 월간 정산.xlsx
25-04-13,2499300,81,[2025-04] 월간 정산.xlsx
25-04-14,0,0,[2025-04] 월간 정산.xlsx
25-04-15,1629100,53,[2025-04] 월간 정산.xlsx
25-04-16,2087600,68,[2025-04] 월간 정산.xlsx
25-04-17,356900,14,[2025-04] 월간 정산.xlsx
25-04-18,0,0,[2025-04] 월간 정산.xlsx
25-04-19,0,0,[2025-04] 월간 정산.xlsx
25-04-20,0,0,[2025-04] 월간 정산.xlsx
25-04-21,0,0,[2025-04] 월간 정산.xlsx
25-04-22,0,0,[2025-04] 월간 정산.xlsx
25-04-23,0,0,[2025-04] 월간 정산.xlsx
25-04-24,0,0,[2025-04] 월간 정산.xlsx
25-04-25,0,0,[2025-04] 월간 정산.xlsx
25-04-26,0,0,[2025-04] 월간 정산.xlsx
25-04-27,0,0,[2025-04] 월간 정산.xlsx
25-04-28,0,0,[2025-04] 월간 정산.xlsx
25-04-29,0,0,[2025-04] 월간 정산.xlsx
25-04-30,0,0,[2025-04] 월간 정산.xlsx
합계,26647300,865,[2025-04] 월간 정산.xlsx
