,일시,총 매출금액,총 주문건수,년,월,일,년월,평균기온(℃),평균풍속(m/s),강수량(mm),holiday
0,2023-01-01,1300700,48,2023,1,1,2023-01,1.1,2.9,0.0,1.0
1,2023-01-03,865000,29,2023,1,3,2023-01,-0.8,4.4,0.0,0.0
2,2023-01-04,892600,34,2023,1,4,2023-01,-0.4,2.4,0.0,0.0
3,2023-01-05,975400,35,2023,1,5,2023-01,0.2,0.9,0.0,0.0
4,2023-01-06,1149200,40,2023,1,6,2023-01,1.8,1.1,1.7,0.0
5,2023-01-07,1017400,33,2023,1,7,2023-01,3.6,4.2,0.3,0.0
6,2023-01-08,1545200,56,2023,1,8,2023-01,1.2,1.0,0.0,0.0
7,2023-01-10,1036700,39,2023,1,10,2023-01,1.9,1.1,0.0,0.0
8,2023-01-11,953600,34,2023,1,11,2023-01,2.6,1.5,0.0,0.0
9,2023-01-12,865600,34,2023,1,12,2023-01,6.7,0.9,4.8,0.0
10,2023-01-13,1171500,45,2023,1,13,2023-01,14.6,1.9,51.9,0.0
11,2023-01-14,1080700,42,2023,1,14,2023-01,10.0,3.1,0.0,0.0
12,2023-01-15,1419900,41,2023,1,15,2023-01,1.4,4.7,0.4,0.0
13,2023-01-17,936300,34,2023,1,17,2023-01,-1.5,3.6,0.0,0.0
14,2023-01-18,974700,30,2023,1,18,2023-01,-0.9,1.9,0.0,0.0
15,2023-01-19,636300,21,2023,1,19,2023-01,-1.3,1.2,0.0,0.0
16,2023-01-20,944200,35,2023,1,20,2023-01,-0.6,3.4,0.0,0.0
17,2023-01-21,952800,33,2023,1,21,2023-01,-2.5,2.6,0.0,0.0
18,2023-01-22,1687700,54,2023,1,22,2023-01,-0.5,0.2,0.0,0.0
19,2023-01-23,372300,2,2023,1,23,2023-01,1.8,2.9,0.0,0.0
20,2023-01-24,1596700,53,2023,1,24,2023-01,-8.6,6.1,0.2,0.0
21,2023-01-25,937000,36,2023,1,25,2023-01,-9.2,3.3,0.1,0.0
22,2023-01-26,867300,34,2023,1,26,2023-01,-1.9,1.2,0.0,0.0
23,2023-01-27,1313100,47,2023,1,27,2023-01,-3.5,4.5,0.0,0.0
24,2023-01-28,1506100,57,2023,1,28,2023-01,-3.5,3.4,0.0,0.0
25,2023-01-29,1335900,49,2023,1,29,2023-01,1.1,2.7,0.0,0.0
26,2023-01-31,1077900,40,2023,1,31,2023-01,0.3,1.1,0.0,0.0
27,2023-02-01,1059500,39,2023,2,1,2023-02,2.9,2.9,0.0,0.0
28,2023-02-02,937000,30,2023,2,2,2023-02,0.9,3.4,0.0,0.0
29,2023-02-03,970600,30,2023,2,3,2023-02,1.1,3.5,0.0,0.0
30,2023-02-04,1369200,47,2023,2,4,2023-02,-0.1,3.1,0.0,0.0
31,2023-02-05,1467200,35,2023,2,5,2023-02,-0.3,1.4,0.0,0.0
32,2023-02-07,1123300,33,2023,2,7,2023-02,3.9,0.9,0.0,0.0
33,2023-02-08,799700,29,2023,2,8,2023-02,4.5,2.7,0.0,0.0
34,2023-02-09,746400,28,2023,2,9,2023-02,3.7,2.0,7.4,0.0
35,2023-02-10,915700,33,2023,2,10,2023-02,3.7,2.2,17.0,0.0
36,2023-02-11,871800,32,2023,2,11,2023-02,2.7,0.6,0.0,1.0
37,2023-02-12,1489300,48,2023,2,12,2023-02,4.0,0.6,0.4,0.0
38,2023-02-14,942700,32,2023,2,14,2023-02,3.9,3.3,0.0,0.0
39,2023-02-15,849800,30,2023,2,15,2023-02,3.3,0.9,0.0,0.0
40,2023-02-16,973400,32,2023,2,16,2023-02,3.7,1.1,0.0,0.0
41,2023-02-17,819400,31,2023,2,17,2023-02,3.6,0.4,0.1,0.0
42,2023-02-18,1033800,37,2023,2,18,2023-02,7.7,0.3,1.5,0.0
43,2023-02-19,1616000,54,2023,2,19,2023-02,4.7,4.1,1.6,0.0
44,2023-02-21,1196800,36,2023,2,21,2023-02,-0.8,2.5,0.0,0.0
45,2023-02-22,672200,25,2023,2,22,2023-02,2.4,1.2,1.0,0.0
46,2023-02-23,688000,24,2023,2,23,2023-02,5.9,3.2,1.4,0.0
47,2023-02-24,1127500,39,2023,2,24,2023-02,6.0,3.6,0.0,0.0
48,2023-02-25,1278900,44,2023,2,25,2023-02,1.4,4.2,0.0,0.0
49,2023-02-26,1390100,49,2023,2,26,2023-02,2.0,2.4,0.0,0.0
50,2023-02-28,1234000,43,2023,2,28,2023-02,5.1,1.7,0.0,0.0
51,2023-03-01,1223800,43,2023,3,1,2023-03,7.0,2.6,0.1,0.0
52,2023-03-02,846800,30,2023,3,2,2023-03,3.0,3.9,0.0,0.0
53,2023-03-03,749600,27,2023,3,3,2023-03,5.9,3.3,0.0,0.0
54,2023-03-04,1354700,48,2023,3,4,2023-03,6.3,1.0,0.0,0.0
55,2023-03-05,1262300,43,2023,3,5,2023-03,5.9,1.4,0.0,0.0
56,2023-03-07,1070700,38,2023,3,7,2023-03,9.2,0.9,0.0,0.0
57,2023-03-08,1018700,33,2023,3,8,2023-03,10.3,1.6,0.0,0.0
58,2023-03-09,1051000,35,2023,3,9,2023-03,14.2,1.6,0.1,0.0
59,2023-03-10,1129100,38,2023,3,10,2023-03,11.8,0.9,0.0,0.0
60,2023-03-11,1467100,50,2023,3,11,2023-03,12.2,1.4,0.0,0.0
61,2023-03-12,1718400,59,2023,3,12,2023-03,6.8,3.2,4.5,0.0
62,2023-03-14,1360400,48,2023,3,14,2023-03,5.7,1.6,0.0,0.0
63,2023-03-15,1081100,36,2023,3,15,2023-03,11.3,1.9,0.0,0.0
64,2023-03-16,1790600,20,2023,3,16,2023-03,9.1,3.4,0.0,0.0
65,2023-03-17,821600,29,2023,3,17,2023-03,8.2,1.2,0.0,0.0
66,2023-03-18,1607400,52,2023,3,18,2023-03,9.8,3.1,0.0,0.0
67,2023-03-19,1584600,53,2023,3,19,2023-03,8.2,2.0,0.0,0.0
68,2023-03-21,1196400,38,2023,3,21,2023-03,12.3,1.5,0.0,0.0
69,2023-03-22,1272900,46,2023,3,22,2023-03,12.9,0.8,1.4,0.0
70,2023-03-23,852300,27,2023,3,23,2023-03,15.2,1.7,30.4,0.0
71,2023-03-24,1221900,43,2023,3,24,2023-03,11.1,1.7,15.5,0.0
72,2023-03-25,1180500,40,2023,3,25,2023-03,10.1,0.8,0.2,0.0
73,2023-03-26,1121900,37,2023,3,26,2023-03,10.2,2.8,1.8,0.0
74,2023-03-28,1407500,44,2023,3,28,2023-03,8.2,1.2,0.0,0.0
75,2023-03-29,1505900,39,2023,3,29,2023-03,10.2,1.1,0.0,0.0
76,2023-03-30,912000,32,2023,3,30,2023-03,11.8,0.9,0.0,0.0
77,2023-03-31,849200,28,2023,3,31,2023-03,13.7,1.4,0.0,0.0
78,2023-04-01,1788900,35,2023,4,1,2023-04,13.1,1.3,0.0,0.0
79,2023-04-02,1230700,41,2023,4,2,2023-04,14.0,1.6,0.0,0.0
80,2023-04-04,1370900,45,2023,4,4,2023-04,13.1,2.5,13.4,0.0
81,2023-04-05,1209800,40,2023,4,5,2023-04,13.8,4.2,58.8,0.0
82,2023-04-06,1122700,25,2023,4,6,2023-04,9.4,2.1,4.9,0.0
83,2023-04-07,704300,24,2023,4,7,2023-04,9.3,4.2,1.0,0.0
84,2023-04-08,1275900,45,2023,4,8,2023-04,8.1,3.2,0.0,0.0
85,2023-04-09,1468900,51,2023,4,9,2023-04,10.1,2.2,0.0,0.0
86,2023-04-11,1316900,39,2023,4,11,2023-04,12.8,1.5,0.2,0.0
87,2023-04-12,974200,30,2023,4,12,2023-04,11.5,3.5,0.0,0.0
88,2023-04-13,695900,25,2023,4,13,2023-04,11.7,1.4,0.0,0.0
89,2023-04-14,1412100,43,2023,4,14,2023-04,10.5,0.9,9.0,0.0
90,2023-04-15,1281100,45,2023,4,15,2023-04,13.6,2.2,0.4,0.0
91,2023-04-16,1475300,51,2023,4,16,2023-04,9.4,2.1,0.8,0.0
92,2023-04-18,1104800,39,2023,4,18,2023-04,15.2,0.9,0.8,0.0
93,2023-04-19,1360900,40,2023,4,19,2023-04,16.9,1.1,0.0,0.0
94,2023-04-20,571100,19,2023,4,20,2023-04,20.6,1.6,0.0,0.0
95,2023-04-21,1258700,37,2023,4,21,2023-04,18.6,2.6,0.0,0.0
96,2023-04-22,1760800,62,2023,4,22,2023-04,14.8,2.1,0.0,0.0
97,2023-04-23,1276700,45,2023,4,23,2023-04,11.9,1.1,0.0,0.0
98,2023-04-25,1687700,57,2023,4,25,2023-04,9.0,1.0,4.7,0.0
99,2023-04-26,1206200,34,2023,4,26,2023-04,9.7,3.3,0.0,0.0
100,2023-04-27,1129600,35,2023,4,27,2023-04,11.1,1.4,0.0,0.0
101,2023-04-28,1280400,38,2023,4,28,2023-04,14.2,1.4,0.0,0.0
102,2023-04-29,1555100,52,2023,4,29,2023-04,15.2,2.1,7.7,0.0
103,2023-04-30,1790900,58,2023,4,30,2023-04,12.8,3.0,0.0,0.0
104,2023-05-02,1727200,36,2023,5,2,2023-05,13.3,1.3,0.0,0.0
105,2023-05-03,1487700,32,2023,5,3,2023-05,14.4,1.4,0.0,0.0
106,2023-05-04,1426100,48,2023,5,4,2023-05,15.7,3.0,26.7,0.0
107,2023-05-05,2189700,71,2023,5,5,2023-05,18.9,1.7,166.5,1.0
108,2023-05-06,1394300,46,2023,5,6,2023-05,16.6,1.8,7.1,0.0
109,2023-05-07,1500400,50,2023,5,7,2023-05,11.3,1.6,2.7,0.0
110,2023-05-09,1171700,37,2023,5,9,2023-05,15.5,2.0,0.0,0.0
111,2023-05-10,693600,25,2023,5,10,2023-05,17.0,1.5,0.0,0.0
112,2023-05-11,1269400,21,2023,5,11,2023-05,16.4,1.3,0.0,0.0
113,2023-05-12,1260000,44,2023,5,12,2023-05,16.2,1.4,0.0,0.0
114,2023-05-13,1502700,52,2023,5,13,2023-05,16.3,1.3,0.0,0.0
115,2023-05-14,1632100,52,2023,5,14,2023-05,16.9,1.2,0.0,0.0
116,2023-05-16,1316800,32,2023,5,16,2023-05,20.3,1.2,0.0,0.0
117,2023-05-17,996200,28,2023,5,17,2023-05,19.2,1.5,0.0,0.0
118,2023-05-18,1066200,35,2023,5,18,2023-05,16.8,1.6,25.5,0.0
119,2023-05-19,1354300,33,2023,5,19,2023-05,18.3,1.1,0.0,0.0
120,2023-05-20,1078000,38,2023,5,20,2023-05,19.3,1.7,0.0,0.0
121,2023-05-21,1963800,66,2023,5,21,2023-05,19.2,3.6,0.0,0.0
122,2023-05-23,1059300,35,2023,5,23,2023-05,16.3,1.6,0.0,0.0
123,2023-05-24,705300,24,2023,5,24,2023-05,17.2,1.2,0.0,0.0
124,2023-05-25,1079100,35,2023,5,25,2023-05,18.2,1.5,0.0,0.0
125,2023-05-26,619100,20,2023,5,26,2023-05,18.9,1.3,0.0,0.0
126,2023-05-27,1192500,42,2023,5,27,2023-05,21.0,2.2,0.4,0.0
127,2023-05-28,1242200,43,2023,5,28,2023-05,21.1,1.4,6.9,0.0
128,2023-05-30,1607000,41,2023,5,30,2023-05,19.4,1.2,10.4,0.0
129,2023-05-31,1062900,25,2023,5,31,2023-05,19.9,1.6,5.7,0.0
130,2023-06-01,1271000,32,2023,6,1,2023-06,16.5,0.5,7.4,0.0
131,2023-06-02,1268500,33,2023,6,2,2023-06,22.3,2.8,2.5,0.0
132,2023-06-03,1427200,43,2023,6,3,2023-06,20.3,2.4,0.0,0.0
133,2023-06-04,1654300,57,2023,6,4,2023-06,19.6,1.7,0.0,0.0
134,2023-06-06,1004500,36,2023,6,6,2023-06,20.2,1.4,0.0,1.0
135,2023-06-07,717300,24,2023,6,7,2023-06,21.0,1.3,0.0,0.0
136,2023-06-08,1275100,36,2023,6,8,2023-06,20.5,1.4,0.0,0.0
137,2023-06-09,1049500,36,2023,6,9,2023-06,21.7,1.6,0.0,0.0
138,2023-06-10,1780000,32,2023,6,10,2023-06,21.8,2.1,0.0,0.0
139,2023-06-11,1750900,55,2023,6,11,2023-06,22.7,1.8,0.0,0.0
140,2023-06-13,1204000,43,2023,6,13,2023-06,22.1,1.4,0.0,0.0
141,2023-06-14,1135200,34,2023,6,14,2023-06,20.0,1.4,4.7,0.0
142,2023-06-15,971200,34,2023,6,15,2023-06,20.5,1.2,0.0,0.0
143,2023-06-16,1106100,38,2023,6,16,2023-06,22.1,1.1,0.0,0.0
144,2023-06-17,1169500,37,2023,6,17,2023-06,23.0,1.2,0.0,0.0
145,2023-06-18,1570600,54,2023,6,18,2023-06,24.6,1.6,0.0,0.0
146,2023-06-20,1056600,35,2023,6,20,2023-06,22.2,2.1,10.0,0.0
147,2023-06-21,831600,26,2023,6,21,2023-06,21.2,1.8,6.5,0.0
148,2023-06-22,1058000,33,2023,6,22,2023-06,22.3,3.0,0.0,0.0
149,2023-06-23,778400,27,2023,6,23,2023-06,22.8,1.9,0.0,0.0
150,2023-06-24,1255400,45,2023,6,24,2023-06,22.3,1.6,0.0,0.0
151,2023-06-25,1240700,44,2023,6,25,2023-06,20.7,1.5,17.1,0.0
152,2023-06-27,905900,27,2023,6,27,2023-06,24.6,1.9,75.9,0.0
153,2023-06-28,649900,24,2023,6,28,2023-06,24.15,0.5,106.2,0.0
154,2023-06-29,790700,27,2023,6,29,2023-06,23.7,1.6,11.5,0.0
155,2023-06-30,938700,29,2023,6,30,2023-06,23.7,1.1,22.1,0.0
156,2023-07-01,1039800,37,2023,7,1,2023-07,23.6,1.2,0.8,0.0
157,2023-07-02,1600700,52,2023,7,2,2023-07,24.9,1.2,0.0,0.0
158,2023-07-04,1359100,46,2023,7,4,2023-07,22.6,1.2,34.5,0.0
159,2023-07-05,678600,23,2023,7,5,2023-07,24.4,1.8,34.3,0.0
160,2023-07-06,856600,29,2023,7,6,2023-07,24.3,1.1,0.0,0.0
161,2023-07-07,986800,31,2023,7,7,2023-07,21.7,1.1,57.9,0.0
162,2023-07-08,1035700,33,2023,7,8,2023-07,23.6,0.7,1.0,0.0
163,2023-07-09,1673800,54,2023,7,9,2023-07,24.8,1.0,0.1,0.0
164,2023-07-11,1412100,48,2023,7,11,2023-07,24.2,1.1,27.1,0.0
165,2023-07-13,434400,15,2023,7,13,2023-07,25.2,1.1,2.0,0.0
166,2023-07-14,893300,24,2023,7,14,2023-07,24.9,2.3,35.8,0.0
167,2023-07-15,1391600,46,2023,7,15,2023-07,24.9,2.0,30.9,0.0
168,2023-07-16,1633300,58,2023,7,16,2023-07,23.3,1.0,57.4,0.0
169,2023-07-18,608800,21,2023,7,18,2023-07,24.1,1.1,93.1,0.0
170,2023-07-19,717600,18,2023,7,19,2023-07,25.1,1.4,2.0,0.0
171,2023-07-20,102600,2,2023,7,20,2023-07,25.7,1.1,0.0,0.0
172,2023-07-21,1145200,29,2023,7,21,2023-07,24.8,1.5,0.0,0.0
173,2023-07-22,945800,32,2023,7,22,2023-07,23.0,1.2,3.5,0.0
174,2023-07-23,1097000,36,2023,7,23,2023-07,25.8,1.7,15.8,0.0
175,2023-08-09,25900,1,2023,8,9,2023-08,24.5,1.1,23.9,0.0
176,2023-08-10,1111800,37,2023,8,10,2023-08,22.9,3.6,75.2,0.0
177,2023-08-11,1168700,42,2023,8,11,2023-08,25.3,1.5,0.0,0.0
178,2023-08-12,1361400,47,2023,8,12,2023-08,25.3,1.5,0.0,0.0
179,2023-08-13,2105400,72,2023,8,13,2023-08,25.7,1.0,0.0,0.0
180,2023-08-14,1005100,37,2023,8,14,2023-08,26.6,0.9,0.0,0.0
181,2023-08-15,1119200,40,2023,8,15,2023-08,26.6,1.2,0.0,1.0
182,2023-08-16,850300,31,2023,8,16,2023-08,26.5,1.1,0.0,0.0
183,2023-08-17,1164700,34,2023,8,17,2023-08,25.7,1.2,0.0,0.0
184,2023-08-18,1027700,35,2023,8,18,2023-08,25.9,1.2,0.0,0.0
185,2023-08-19,1494000,47,2023,8,19,2023-08,26.6,1.2,0.0,0.0
186,2023-08-20,1617200,53,2023,8,20,2023-08,27.2,1.2,0.0,0.0
187,2023-08-22,1350400,48,2023,8,22,2023-08,26.2,1.6,15.9,0.0
188,2023-08-23,1560900,21,2023,8,23,2023-08,25.7,1.9,32.2,0.0
189,2023-08-24,1145800,41,2023,8,24,2023-08,24.2,0.7,48.8,0.0
190,2023-08-25,1052200,35,2023,8,25,2023-08,24.8,1.4,0.0,0.0
191,2023-08-26,1843900,51,2023,8,26,2023-08,24.5,1.0,0.0,0.0
192,2023-08-27,1324800,49,2023,8,27,2023-08,25.4,1.1,0.0,0.0
193,2023-08-28,946200,28,2023,8,28,2023-08,25.0,2.0,15.7,0.0
194,2023-08-29,1241800,47,2023,8,29,2023-08,25.9,1.9,37.8,0.0
195,2023-08-31,1188300,44,2023,8,31,2023-08,24.0,2.2,0.0,0.0
196,2023-09-01,1068400,41,2023,9,1,2023-09,24.6,1.3,0.0,0.0
197,2023-09-02,1177200,42,2023,9,2,2023-09,23.6,0.9,5.1,0.0
198,2023-09-03,1601000,55,2023,9,3,2023-09,25.1,1.0,17.9,0.0
199,2023-09-04,664300,25,2023,9,4,2023-09,24.1,1.0,4.5,0.0
200,2023-09-05,778000,23,2023,9,5,2023-09,24.7,0.7,0.0,0.0
201,2023-09-07,941800,34,2023,9,7,2023-09,22.5,1.0,0.0,0.0
202,2023-09-08,1603100,56,2023,9,8,2023-09,21.3,0.7,0.0,0.0
203,2023-09-09,1439900,51,2023,9,9,2023-09,22.5,0.8,0.0,0.0
204,2023-09-10,1709600,58,2023,9,10,2023-09,22.3,0.6,0.0,0.0
205,2023-09-11,1135300,34,2023,9,11,2023-09,23.2,0.9,0.0,0.0
206,2023-09-12,1039100,36,2023,9,12,2023-09,23.4,0.8,0.0,0.0
207,2023-09-14,1367200,46,2023,9,14,2023-09,21.9,1.0,16.6,0.0
208,2023-09-15,1678200,52,2023,9,15,2023-09,22.8,0.8,24.1,0.0
209,2023-09-16,1740500,63,2023,9,16,2023-09,22.6,0.7,60.6,0.0
210,2023-09-18,1209800,42,2023,9,18,2023-09,23.7,1.1,0.0,0.0
211,2023-09-19,1309700,45,2023,9,19,2023-09,22.1,1.3,0.0,0.0
212,2023-09-21,1498500,52,2023,9,21,2023-09,21.0,2.1,1.5,0.0
213,2023-09-22,1472400,50,2023,9,22,2023-09,20.1,1.5,0.0,0.0
214,2023-09-23,2504800,88,2023,9,23,2023-09,18.2,0.8,0.0,0.0
215,2023-09-24,1464800,39,2023,9,24,2023-09,18.2,1.3,0.0,0.0
216,2023-09-26,1547400,50,2023,9,26,2023-09,21.7,0.9,0.2,0.0
217,2023-09-27,1333000,45,2023,9,27,2023-09,21.6,1.5,0.0,0.0
218,2023-09-28,2287200,74,2023,9,28,2023-09,21.1,1.8,0.0,0.0
219,2023-09-29,3617900,92,2023,9,29,2023-09,20.3,1.2,0.0,0.0
220,2023-10-02,1973000,69,2023,10,2,2023-10,15.2,1.1,0.0,0.0
221,2023-10-03,1738500,56,2023,10,3,2023-10,14.2,0.6,0.7,1.0
222,2023-10-04,1590400,57,2023,10,4,2023-10,16.7,1.5,0.2,0.0
223,2023-10-06,1372200,51,2023,10,6,2023-10,14.3,1.5,0.0,0.0
224,2023-10-07,2335300,82,2023,10,7,2023-10,15.0,0.4,2.0,0.0
225,2023-10-08,2042800,75,2023,10,8,2023-10,16.0,1.2,1.6,0.0
226,2023-10-09,1366600,50,2023,10,9,2023-10,16.5,1.3,0.0,1.0
227,2023-10-10,1686000,55,2023,10,10,2023-10,16.4,1.8,0.0,0.0
228,2023-10-11,1121000,43,2023,10,11,2023-10,14.7,0.6,0.0,0.0
229,2023-10-13,1207000,43,2023,10,13,2023-10,15.0,0.6,0.0,0.0
230,2023-10-14,1832300,62,2023,10,14,2023-10,15.1,1.1,0.0,0.0
231,2023-10-15,2702500,77,2023,10,15,2023-10,14.9,2.5,0.0,0.0
232,2023-10-16,1014300,39,2023,10,16,2023-10,14.1,2.2,0.0,0.0
233,2023-10-17,1448800,46,2023,10,17,2023-10,12.9,2.4,0.0,0.0
234,2023-10-18,1332500,48,2023,10,18,2023-10,12.7,0.9,0.0,0.0
235,2023-10-20,1985100,65,2023,10,20,2023-10,11.9,3.4,0.1,0.0
236,2023-10-21,1970600,68,2023,10,21,2023-10,10.7,2.5,0.0,0.0
237,2023-10-22,2109400,66,2023,10,22,2023-10,10.5,1.5,0.0,0.0
238,2023-10-23,1454600,48,2023,10,23,2023-10,11.5,1.1,0.0,0.0
239,2023-10-24,1222300,42,2023,10,24,2023-10,11.5,0.8,0.0,0.0
240,2023-10-25,1592900,37,2023,10,25,2023-10,13.2,1.0,0.0,0.0
241,2023-10-27,1503000,49,2023,10,27,2023-10,13.4,2.0,0.0,0.0
242,2023-10-28,1883800,65,2023,10,28,2023-10,11.5,1.3,0.0,0.0
243,2023-10-29,1504900,53,2023,10,29,2023-10,12.0,0.7,0.0,0.0
244,2023-10-30,1153200,37,2023,10,30,2023-10,12.4,0.9,0.0,0.0
245,2023-10-31,1943200,66,2023,10,31,2023-10,12.1,0.9,0.0,0.0
246,2023-11-01,1281400,46,2023,11,1,2023-11,13.9,0.9,0.0,0.0
247,2023-11-03,1614800,60,2023,11,3,2023-11,15.6,1.0,0.0,0.0
248,2023-11-04,2115500,73,2023,11,4,2023-11,17.9,1.0,0.7,0.0
249,2023-11-05,2177600,79,2023,11,5,2023-11,19.2,2.5,47.5,0.0
250,2023-11-06,989100,30,2023,11,6,2023-11,16.1,4.1,26.2,0.0
251,2023-11-07,1787000,56,2023,11,7,2023-11,9.7,4.4,0.0,0.0
252,2023-11-08,1127300,37,2023,11,8,2023-11,8.2,1.1,0.0,0.0
253,2023-11-10,1689200,50,2023,11,10,2023-11,8.2,4.0,6.1,0.0
254,2023-11-11,1893600,66,2023,11,11,2023-11,4.8,3.4,0.0,0.0
255,2023-11-12,2093800,75,2023,11,12,2023-11,4.4,3.9,0.0,0.0
256,2023-11-13,1237900,38,2023,11,13,2023-11,4.3,4.1,0.0,0.0
257,2023-11-14,1412100,46,2023,11,14,2023-11,6.4,3.0,0.0,0.0
258,2023-11-15,1229600,39,2023,11,15,2023-11,5.5,1.2,0.0,0.0
259,2023-11-17,1189000,44,2023,11,17,2023-11,4.4,2.6,5.2,0.0
260,2023-11-18,1722800,63,2023,11,18,2023-11,3.1,3.2,1.7,0.0
261,2023-11-19,2088500,77,2023,11,19,2023-11,8.3,2.5,0.0,0.0
262,2023-11-20,1334300,33,2023,11,20,2023-11,6.9,2.3,0.0,0.0
263,2023-11-21,2304300,52,2023,11,21,2023-11,5.6,0.7,0.0,0.0
264,2023-11-22,1037000,34,2023,11,22,2023-11,7.6,0.6,0.0,0.0
265,2023-11-24,1345000,48,2023,11,24,2023-11,2.5,5.0,0.0,0.0
266,2023-11-25,1986700,71,2023,11,25,2023-11,0.3,2.3,0.0,0.0
267,2023-11-26,2074800,71,2023,11,26,2023-11,2.1,0.5,0.0,0.0
268,2023-11-27,1678700,42,2023,11,27,2023-11,6.9,0.8,0.2,0.0
269,2023-11-28,1396500,42,2023,11,28,2023-11,4.5,2.6,0.0,0.0
270,2023-11-29,1487900,52,2023,11,29,2023-11,2.8,2.2,0.0,0.0
271,2023-12-01,1431200,51,2023,12,1,2023-12,0.2,2.9,0.0,0.0
272,2023-12-02,2068400,69,2023,12,2,2023-12,2.3,1.2,0.0,0.0
273,2023-12-03,1463500,51,2023,12,3,2023-12,4.1,2.2,0.0,0.0
274,2023-12-04,1651800,32,2023,12,4,2023-12,2.4,1.2,0.0,0.0
275,2023-12-05,1050100,39,2023,12,5,2023-12,4.2,1.2,0.0,0.0
276,2023-12-06,1239600,43,2023,12,6,2023-12,6.7,2.2,0.6,0.0
277,2023-12-08,1403700,47,2023,12,8,2023-12,6.9,1.1,0.0,0.0
278,2023-12-09,2319300,68,2023,12,9,2023-12,11.1,0.9,0.0,0.0
279,2023-12-10,1596000,57,2023,12,10,2023-12,12.4,1.1,0.3,0.0
280,2023-12-11,1668900,39,2023,12,11,2023-12,12.0,1.1,17.9,0.0
281,2023-12-12,1577700,54,2023,12,12,2023-12,9.3,1.2,2.4,0.0
282,2023-12-13,1671600,39,2023,12,13,2023-12,8.8,0.7,0.0,0.0
283,2023-12-15,1289700,48,2023,12,15,2023-12,10.8,2.4,5.9,0.0
284,2023-12-16,2543100,79,2023,12,16,2023-12,0.1,5.1,2.6,0.0
285,2023-12-17,2172200,79,2023,12,17,2023-12,-5.2,3.3,0.4,0.0
286,2023-12-18,1354400,42,2023,12,18,2023-12,-2.8,2.6,0.2,0.0
287,2023-12-19,1097700,38,2023,12,19,2023-12,0.0,1.8,0.0,0.0
288,2023-12-20,1848800,50,2023,12,20,2023-12,-2.5,4.1,0.2,0.0
289,2023-12-21,343500,1,2023,12,21,2023-12,-6.9,3.0,0.4,0.0
290,2023-12-22,1350900,44,2023,12,22,2023-12,-6.8,3.4,0.0,0.0
291,2023-12-23,1500700,53,2023,12,23,2023-12,-3.4,2.6,0.0,0.0
292,2023-12-24,3391000,109,2023,12,24,2023-12,-1.4,1.6,0.2,0.0
293,2023-12-25,2303800,79,2023,12,25,2023-12,-1.7,1.2,0.0,1.0
294,2023-12-26,1035700,32,2023,12,26,2023-12,0.3,1.4,0.0,0.0
295,2023-12-27,1640900,36,2023,12,27,2023-12,3.3,0.7,0.0,0.0
296,2023-12-29,1722000,57,2023,12,29,2023-12,2.1,1.7,0.0,0.0
297,2023-12-30,2003400,61,2023,12,30,2023-12,3.0,0.6,0.6,0.0
298,2023-12-31,3198300,107,2023,12,31,2023-12,4.7,3.5,1.1,0.0
299,2024-01-01,2108600,73,2024,1,1,2024-01,2.7,0.4,0.0,1.0
300,2024-01-02,1728100,46,2024,1,2,2024-01,4.3,1.9,0.0,0.0
301,2024-01-03,1405800,33,2024,1,3,2024-01,3.0,3.2,1.0,0.0
302,2024-01-04,229000,1,2024,1,4,2024-01,1.6,2.0,0.0,0.0
303,2024-01-05,1319000,39,2024,1,5,2024-01,3.9,1.1,0.0,0.0
304,2024-01-06,1607400,56,2024,1,6,2024-01,3.0,2.7,0.0,0.0
305,2024-01-07,2172000,63,2024,1,7,2024-01,-0.7,3.8,0.1,0.0
306,2024-01-08,667500,22,2024,1,8,2024-01,-2.4,2.3,0.0,0.0
307,2024-01-09,1236500,44,2024,1,9,2024-01,0.3,0.6,3.4,0.0
308,2024-01-10,1747000,47,2024,1,10,2024-01,2.5,3.6,0.0,0.0
309,2024-01-12,1464900,46,2024,1,12,2024-01,5.2,2.7,0.0,0.0
310,2024-01-13,1307600,48,2024,1,13,2024-01,1.5,2.8,0.0,0.0
311,2024-01-14,1538200,55,2024,1,14,2024-01,3.9,1.9,1.0,0.0
312,2024-01-15,1347600,47,2024,1,15,2024-01,0.4,4.8,0.0,0.0
313,2024-01-16,1248700,35,2024,1,16,2024-01,1.5,2.0,0.0,0.0
314,2024-01-17,1576100,53,2024,1,17,2024-01,4.3,0.3,0.6,0.0
315,2024-01-19,1704700,57,2024,1,19,2024-01,6.3,1.3,0.6,0.0
316,2024-01-20,2409900,84,2024,1,20,2024-01,6.2,1.2,15.2,0.0
317,2024-01-21,1588700,55,2024,1,21,2024-01,4.6,1.8,0.4,0.0
318,2024-01-22,1383600,45,2024,1,22,2024-01,-3.9,5.7,0.2,0.0
319,2024-01-23,1385700,51,2024,1,23,2024-01,-6.6,5.0,0.3,0.0
320,2024-01-24,1517900,43,2024,1,24,2024-01,-5.3,4.5,0.1,0.0
321,2024-01-26,1367300,48,2024,1,26,2024-01,0.5,3.9,0.0,0.0
322,2024-01-27,1667900,49,2024,1,27,2024-01,2.0,2.9,0.0,0.0
323,2024-01-28,1721900,59,2024,1,28,2024-01,0.5,3.4,0.0,0.0
324,2024-01-29,1521400,54,2024,1,29,2024-01,-1.1,2.1,0.0,0.0
325,2024-01-30,1842700,64,2024,1,30,2024-01,1.6,1.0,0.3,0.0
326,2024-01-31,2047200,61,2024,1,31,2024-01,6.9,1.0,2.9,0.0
327,2024-02-02,1513400,48,2024,2,2,2024-02,4.7,0.8,0.1,0.0
328,2024-02-03,1729600,60,2024,2,3,2024-02,4.6,1.0,5.4,0.0
329,2024-02-04,1845400,63,2024,2,4,2024-02,6.1,1.3,3.6,0.0
330,2024-02-05,1132300,34,2024,2,5,2024-02,5.5,1.6,15.4,0.0
331,2024-02-06,1244500,44,2024,2,6,2024-02,3.3,1.9,0.7,0.0
332,2024-02-07,1137500,33,2024,2,7,2024-02,1.4,3.4,0.0,0.0
333,2024-02-08,1441000,49,2024,2,8,2024-02,1.2,2.7,0.0,0.0
334,2024-02-09,1118400,38,2024,2,9,2024-02,1.3,3.2,0.0,0.0
335,2024-02-10,1931700,62,2024,2,10,2024-02,1.1,1.6,0.0,0.0
336,2024-02-11,2159400,69,2024,2,11,2024-02,1.7,2.5,0.0,1.0
337,2024-02-12,1210600,41,2024,2,12,2024-02,2.6,1.3,0.0,0.0
338,2024-02-13,861700,29,2024,2,13,2024-02,5.6,1.4,0.0,0.0
339,2024-02-14,1023400,36,2024,2,14,2024-02,9.0,0.9,7.5,0.0
340,2024-02-15,435600,14,2024,2,15,2024-02,5.6,2.7,0.0,0.0
341,2024-02-17,1385400,46,2024,2,17,2024-02,3.6,1.0,0.0,0.0
342,2024-02-18,1610700,59,2024,2,18,2024-02,6.6,0.6,62.6,0.0
343,2024-02-19,1351800,41,2024,2,19,2024-02,13.1,2.2,20.3,0.0
344,2024-02-20,1288900,45,2024,2,20,2024-02,6.6,2.4,8.7,0.0
345,2024-02-21,1266100,40,2024,2,21,2024-02,6.0,2.5,15.3,0.0
346,2024-02-23,1329800,48,2024,2,23,2024-02,3.1,0.6,0.9,0.0
347,2024-02-24,1757100,58,2024,2,24,2024-02,3.0,1.4,5.9,0.0
348,2024-02-25,2110900,74,2024,2,25,2024-02,3.0,1.9,1.8,0.0
349,2024-02-26,610600,22,2024,2,26,2024-02,4.8,2.0,0.0,0.0
350,2024-02-27,1239900,43,2024,2,27,2024-02,3.3,1.2,0.0,0.0
351,2024-02-28,961003,29,2024,2,28,2024-02,4.8,1.2,0.0,0.0
352,2024-03-01,2061000,66,2024,3,1,2024-03,-1.8,5.0,0.0,0.0
353,2024-03-02,1329000,48,2024,3,2,2024-03,-1.8,2.1,0.0,0.0
354,2024-03-03,1907200,67,2024,3,3,2024-03,3.0,1.6,0.0,0.0
355,2024-03-04,1189300,35,2024,3,4,2024-03,5.8,1.2,0.0,0.0
356,2024-03-05,1495900,52,2024,3,5,2024-03,6.4,0.9,5.6,0.0
357,2024-03-06,1105600,28,2024,3,6,2024-03,8.4,1.1,0.4,0.0
358,2024-03-08,1745400,56,2024,3,8,2024-03,3.3,4.1,0.0,0.0
359,2024-03-09,1329700,49,2024,3,9,2024-03,2.7,3.5,0.0,0.0
360,2024-03-10,2000000,68,2024,3,10,2024-03,4.2,1.7,0.0,0.0
361,2024-03-11,1130500,37,2024,3,11,2024-03,4.1,1.0,2.4,0.0
362,2024-03-12,1396900,43,2024,3,12,2024-03,5.0,2.3,0.0,0.0
363,2024-03-13,976400,34,2024,3,13,2024-03,6.0,2.8,0.0,0.0
364,2024-03-14,403500,1,2024,3,14,2024-03,7.0,2.3,0.0,0.0
365,2024-03-15,1637200,58,2024,3,15,2024-03,8.3,2.0,0.0,0.0
366,2024-03-16,1711200,59,2024,3,16,2024-03,10.1,1.6,0.0,0.0
367,2024-03-17,1787700,62,2024,3,17,2024-03,9.8,4.2,0.0,0.0
368,2024-03-18,1000000,33,2024,3,18,2024-03,7.9,2.0,0.0,0.0
369,2024-03-19,1170300,42,2024,3,19,2024-03,7.3,3.6,0.0,0.0
370,2024-03-20,900600,33,2024,3,20,2024-03,4.6,4.2,0.0,0.0
371,2024-03-21,921300,32,2024,3,21,2024-03,4.1,2.0,0.0,0.0
372,2024-03-22,1292200,46,2024,3,22,2024-03,7.9,2.1,3.8,0.0
373,2024-03-23,1259100,41,2024,3,23,2024-03,15.3,1.7,0.3,0.0
374,2024-03-24,1489600,52,2024,3,24,2024-03,11.2,1.1,4.6,0.0
375,2024-03-25,1114600,34,2024,3,25,2024-03,9.6,1.7,10.8,0.0
376,2024-03-26,1489800,51,2024,3,26,2024-03,8.0,1.6,24.6,0.0
377,2024-03-27,988300,29,2024,3,27,2024-03,9.1,1.2,0.0,0.0
378,2024-03-29,981200,35,2024,3,29,2024-03,10.4,2.9,0.0,0.0
379,2024-03-30,1477800,49,2024,3,30,2024-03,11.6,2.3,0.0,0.0
380,2024-03-31,1831200,56,2024,3,31,2024-03,11.4,1.8,0.0,0.0
381,2024-04-01,1293200,37,2024,4,1,2024-04,12.9,1.6,0.0,0.0
382,2024-04-02,1220800,40,2024,4,2,2024-04,12.1,1.7,17.4,0.0
383,2024-04-03,794100,28,2024,4,3,2024-04,13.1,1.1,40.8,0.0
384,2024-04-04,544900,18,2024,4,4,2024-04,12.5,1.2,0.0,0.0
385,2024-04-05,1249500,36,2024,4,5,2024-04,12.3,1.1,0.0,0.0
386,2024-04-06,1462300,48,2024,4,6,2024-04,11.5,1.3,0.0,0.0
387,2024-04-07,1493100,53,2024,4,7,2024-04,14.4,1.1,0.0,0.0
388,2024-04-08,804500,27,2024,4,8,2024-04,15.9,1.1,0.0,0.0
389,2024-04-09,1471900,49,2024,4,9,2024-04,13.0,1.9,0.0,0.0
390,2024-04-10,1059300,39,2024,4,10,2024-04,12.7,1.7,0.0,0.0
391,2024-04-11,381500,14,2024,4,11,2024-04,11.8,0.9,0.0,0.0
392,2024-04-12,1171000,41,2024,4,12,2024-04,14.4,1.2,0.0,0.0
393,2024-04-13,1315200,47,2024,4,13,2024-04,15.7,1.2,0.0,0.0
394,2024-04-14,1817300,61,2024,4,14,2024-04,16.5,1.9,0.0,0.0
395,2024-04-15,1042200,36,2024,4,15,2024-04,15.1,2.0,31.1,0.0
396,2024-04-16,1322100,38,2024,4,16,2024-04,15.3,2.3,0.0,0.0
397,2024-04-17,585700,19,2024,4,17,2024-04,13.5,1.2,0.0,0.0
398,2024-04-19,1196200,40,2024,4,19,2024-04,16.7,1.5,0.0,0.0
399,2024-04-20,2007800,69,2024,4,20,2024-04,13.2,1.7,16.6,0.0
400,2024-04-21,1487500,49,2024,4,21,2024-04,14.3,0.5,1.5,0.0
401,2024-04-22,894200,26,2024,4,22,2024-04,14.5,0.8,0.0,0.0
402,2024-04-23,1504800,45,2024,4,23,2024-04,13.2,1.1,2.3,0.0
403,2024-04-24,875600,30,2024,4,24,2024-04,13.2,2.4,2.3,0.0
404,2024-04-26,2057100,49,2024,4,26,2024-04,15.3,0.9,0.0,0.0
405,2024-04-27,1433400,51,2024,4,27,2024-04,17.2,1.3,0.0,0.0
406,2024-04-28,1740000,56,2024,4,28,2024-04,17.5,1.2,0.0,0.0
407,2024-04-29,1308200,43,2024,4,29,2024-04,14.9,0.6,43.6,0.0
408,2024-04-30,1697600,55,2024,4,30,2024-04,16.8,2.1,0.3,0.0
409,2024-05-01,1947300,47,2024,5,1,2024-05,13.1,1.2,7.3,0.0
410,2024-05-02,750300,25,2024,5,2,2024-05,14.0,1.1,0.0,0.0
411,2024-05-03,2374100,58,2024,5,3,2024-05,15.7,1.3,0.0,0.0
412,2024-05-04,2055800,66,2024,5,4,2024-05,16.7,1.2,0.6,0.0
413,2024-05-05,2315700,72,2024,5,5,2024-05,17.2,3.1,154.1,1.0
414,2024-05-06,960200,34,2024,5,6,2024-05,14.9,1.8,4.7,0.0
415,2024-05-07,1911900,57,2024,5,7,2024-05,13.2,1.1,2.6,0.0
416,2024-05-08,1273000,35,2024,5,8,2024-05,13.2,1.1,0.7,0.0
417,2024-05-10,1313500,43,2024,5,10,2024-05,16.0,1.7,0.0,0.0
418,2024-05-11,1799800,46,2024,5,11,2024-05,17.0,1.6,9.5,0.0
419,2024-05-12,1616400,54,2024,5,12,2024-05,16.5,3.0,8.9,0.0
420,2024-05-13,609000,20,2024,5,13,2024-05,15.7,1.8,0.0,0.0
421,2024-05-14,1617600,55,2024,5,14,2024-05,16.4,1.1,0.0,0.0
422,2024-05-15,1837300,63,2024,5,15,2024-05,13.8,3.0,1.6,0.0
423,2024-05-17,988300,33,2024,5,17,2024-05,15.7,1.4,0.0,0.0
424,2024-05-18,2014700,63,2024,5,18,2024-05,16.6,1.2,0.0,0.0
425,2024-05-19,1270300,46,2024,5,19,2024-05,18.8,1.2,0.0,0.0
426,2024-05-20,1126500,33,2024,5,20,2024-05,19.3,1.7,0.0,0.0
427,2024-05-21,1834000,46,2024,5,21,2024-05,18.2,1.6,0.0,0.0
428,2024-05-22,1088400,32,2024,5,22,2024-05,19.0,1.1,0.0,0.0
429,2024-05-24,1696800,52,2024,5,24,2024-05,20.3,1.9,0.0,0.0
430,2024-05-25,1631600,53,2024,5,25,2024-05,18.0,1.4,0.0,0.0
431,2024-05-26,1965100,68,2024,5,26,2024-05,17.1,1.2,9.7,0.0
432,2024-05-27,1264400,35,2024,5,27,2024-05,18.5,3.3,0.1,0.0
433,2024-05-28,1656400,43,2024,5,28,2024-05,18.3,2.0,0.0,0.0
434,2024-05-29,1108300,33,2024,5,29,2024-05,18.5,1.1,0.0,0.0
435,2024-05-31,1411800,51,2024,5,31,2024-05,19.8,2.3,0.0,0.0
436,2024-06-01,1474400,50,2024,6,1,2024-06,18.6,3.5,0.0,0.0
437,2024-06-02,1944300,67,2024,6,2,2024-06,18.4,2.5,0.0,0.0
438,2024-06-04,1557900,44,2024,6,4,2024-06,18.2,1.3,0.0,0.0
439,2024-06-05,1452100,44,2024,6,5,2024-06,18.6,1.2,0.0,0.0
440,2024-06-06,1222900,45,2024,6,6,2024-06,17.7,1.1,0.0,1.0
441,2024-06-07,1126700,40,2024,6,7,2024-06,19.0,1.2,0.0,0.0
442,2024-06-08,1622000,61,2024,6,8,2024-06,17.8,0.8,21.6,0.0
443,2024-06-09,1619900,59,2024,6,9,2024-06,20.9,1.3,0.2,0.0
444,2024-06-10,937000,30,2024,6,10,2024-06,22.3,1.6,0.0,0.0
445,2024-06-11,1562900,52,2024,6,11,2024-06,22.4,1.2,0.0,0.0
446,2024-06-12,1363100,42,2024,6,12,2024-06,22.4,1.3,0.0,0.0
447,2024-06-13,348600,1,2024,6,13,2024-06,23.1,1.1,0.0,0.0
448,2024-06-15,1925500,67,2024,6,15,2024-06,23.8,1.7,0.0,0.0
449,2024-06-16,1335900,50,2024,6,16,2024-06,22.5,2.7,0.0,0.0
450,2024-06-17,1478600,44,2024,6,17,2024-06,19.1,0.6,0.0,0.0
451,2024-06-18,1276900,46,2024,6,18,2024-06,23.9,2.8,0.0,0.0
452,2024-06-19,1387900,47,2024,6,19,2024-06,23.2,1.4,0.0,0.0
453,2024-06-20,1255100,45,2024,6,20,2024-06,19.4,1.3,0.0,0.0
454,2024-06-21,1284500,48,2024,6,21,2024-06,22.5,1.3,0.0,0.0
455,2024-06-22,1915600,70,2024,6,22,2024-06,22.2,1.0,44.5,0.0
456,2024-06-23,1956900,70,2024,6,23,2024-06,22.9,1.5,0.0,0.0
457,2024-06-24,802300,31,2024,6,24,2024-06,22.5,1.5,0.0,0.0
458,2024-06-25,1239200,41,2024,6,25,2024-06,21.5,2.4,0.0,0.0
459,2024-06-26,1006400,34,2024,6,26,2024-06,20.4,1.3,0.0,0.0
460,2024-06-28,1746400,57,2024,6,28,2024-06,22.4,1.2,0.0,0.0
461,2024-06-29,1952800,66,2024,6,29,2024-06,21.7,1.2,70.2,0.0
462,2024-06-30,1661000,60,2024,6,30,2024-06,23.6,1.3,105.0,0.0
463,2024-07-01,840400,31,2024,7,1,2024-07,24.6,1.3,0.2,0.0
464,2024-07-02,1098700,40,2024,7,2,2024-07,24.4,1.7,17.6,0.0
465,2024-07-03,1301900,46,2024,7,3,2024-07,25.8,2.0,5.7,0.0
466,2024-07-05,1864000,55,2024,7,5,2024-07,25.5,1.9,1.3,0.0
467,2024-07-06,1887600,62,2024,7,6,2024-07,25.4,1.8,0.0,0.0
468,2024-07-07,1730900,58,2024,7,7,2024-07,25.9,1.9,0.0,0.0
469,2024-07-09,1582600,48,2024,7,9,2024-07,24.6,0.9,1.1,0.0
470,2024-07-10,1133200,41,2024,7,10,2024-07,24.1,2.3,27.1,0.0
471,2024-07-11,1342100,45,2024,7,11,2024-07,22.7,1.5,0.0,0.0
472,2024-07-12,1880600,54,2024,7,12,2024-07,23.9,1.7,0.0,0.0
473,2024-07-13,1685500,59,2024,7,13,2024-07,23.1,1.5,0.0,0.0
474,2024-07-14,1826900,64,2024,7,14,2024-07,22.4,1.1,12.3,0.0
475,2024-07-16,2038700,51,2024,7,16,2024-07,22.1,0.9,111.9,0.0
476,2024-07-17,1669000,42,2024,7,17,2024-07,24.6,0.9,5.8,0.0
477,2024-07-18,1144500,36,2024,7,18,2024-07,25.2,1.2,2.9,0.0
478,2024-07-19,1508700,52,2024,7,19,2024-07,23.6,0.9,20.6,0.0
479,2024-07-20,1292000,45,2024,7,20,2024-07,25.5,1.0,1.0,0.0
480,2024-07-21,1616300,55,2024,7,21,2024-07,26.2,1.4,15.6,0.0
481,2024-07-22,853400,18,2024,7,22,2024-07,26.7,1.4,0.0,0.0
482,2024-07-23,1453400,45,2024,7,23,2024-07,26.8,1.3,0.6,0.0
483,2024-07-24,1271100,39,2024,7,24,2024-07,26.4,1.0,18.3,0.0
484,2024-07-25,1739800,58,2024,7,25,2024-07,26.7,1.6,5.7,0.0
485,2024-07-26,1474800,53,2024,7,26,2024-07,25.7,2.8,24.6,0.0
486,2024-07-27,1543300,54,2024,7,27,2024-07,26.0,2.1,18.0,0.0
487,2024-07-28,2260600,61,2024,7,28,2024-07,26.8,1.8,0.0,0.0
488,2024-07-30,1716900,55,2024,7,30,2024-07,26.6,1.9,0.0,0.0
489,2024-07-31,1353800,39,2024,7,31,2024-07,26.5,1.0,0.0,0.0
490,2024-08-01,1176000,35,2024,8,1,2024-08,26.6,1.1,0.0,0.0
491,2024-08-02,1434800,51,2024,8,2,2024-08,28.0,0.9,0.0,0.0
492,2024-08-03,1528000,53,2024,8,3,2024-08,28.5,1.3,0.0,0.0
493,2024-08-04,2165900,78,2024,8,4,2024-08,28.1,1.2,0.0,0.0
494,2024-08-06,1621800,59,2024,8,6,2024-08,26.3,1.1,0.0,0.0
495,2024-08-07,1866300,67,2024,8,7,2024-08,27.3,1.1,0.0,0.0
496,2024-08-08,1220900,41,2024,8,8,2024-08,26.3,1.4,1.8,0.0
497,2024-08-09,1415900,49,2024,8,9,2024-08,25.9,1.1,16.6,0.0
498,2024-08-10,1155100,40,2024,8,10,2024-08,26.4,1.1,0.0,0.0
499,2024-08-11,2339000,83,2024,8,11,2024-08,25.9,1.2,0.0,0.0
500,2024-08-13,1788000,60,2024,8,13,2024-08,25.9,0.9,0.0,0.0
501,2024-08-14,1996600,67,2024,8,14,2024-08,26.5,1.0,0.0,0.0
502,2024-08-15,1028500,35,2024,8,15,2024-08,25.8,1.1,14.0,1.0
503,2024-08-16,1175500,42,2024,8,16,2024-08,25.3,1.2,0.1,0.0
504,2024-08-17,2240000,73,2024,8,17,2024-08,25.1,0.9,0.0,0.0
505,2024-08-18,1480600,52,2024,8,18,2024-08,25.4,1.0,0.0,0.0
506,2024-08-19,769500,28,2024,8,19,2024-08,26.3,0.9,0.2,0.0
507,2024-08-20,1286700,43,2024,8,20,2024-08,26.3,2.1,29.0,0.0
508,2024-08-21,1612800,42,2024,8,21,2024-08,26.4,1.4,23.0,0.0
509,2024-08-23,1171200,41,2024,8,23,2024-08,25.7,1.0,0.0,0.0
510,2024-08-24,1800700,59,2024,8,24,2024-08,26.1,0.9,0.0,0.0
511,2024-08-25,1923700,68,2024,8,25,2024-08,26.2,0.8,3.1,0.0
512,2024-08-26,972800,34,2024,8,26,2024-08,25.6,0.8,0.0,0.0
513,2024-08-27,1567900,52,2024,8,27,2024-08,25.5,0.7,2.0,0.0
514,2024-08-28,1202200,44,2024,8,28,2024-08,25.6,1.5,0.0,0.0
515,2024-08-30,1503400,51,2024,8,30,2024-08,26.3,2.5,0.0,0.0
516,2024-08-31,2281900,84,2024,8,31,2024-08,24.8,2.4,0.0,0.0
517,2024-09-01,1706300,60,2024,9,1,2024-09,24.3,1.0,0.0,0.0
518,2024-09-02,936800,35,2024,9,2,2024-09,24.4,0.8,0.0,0.0
519,2024-09-03,1340000,41,2024,9,3,2024-09,23.8,1.0,0.0,0.0
520,2024-09-04,1225000,43,2024,9,4,2024-09,22.9,1.1,0.0,0.0
521,2024-09-06,1533900,56,2024,9,6,2024-09,24.3,0.6,23.0,0.0
522,2024-09-07,2184700,72,2024,9,7,2024-09,24.2,0.8,0.1,0.0
523,2024-09-08,2023500,68,2024,9,8,2024-09,25.3,0.8,0.0,0.0
524,2024-09-10,1659400,55,2024,9,10,2024-09,26.0,1.1,0.0,0.0
525,2024-09-11,1399300,43,2024,9,11,2024-09,24.6,0.5,52.5,0.0
526,2024-09-12,951400,34,2024,9,12,2024-09,26.0,0.9,1.9,0.0
527,2024-09-13,1486500,49,2024,9,13,2024-09,25.9,1.0,0.4,0.0
528,2024-09-14,1910600,63,2024,9,14,2024-09,26.2,0.7,0.0,0.0
529,2024-09-15,1968000,64,2024,9,15,2024-09,26.3,1.1,0.0,0.0
530,2024-09-16,2580400,78,2024,9,16,2024-09,26.5,1.2,0.0,0.0
531,2024-09-17,3092200,98,2024,9,17,2024-09,27.3,0.9,9.3,0.0
532,2024-09-18,1386800,43,2024,9,18,2024-09,26.7,1.1,0.0,0.0
533,2024-09-21,1094600,35,2024,9,21,2024-09,23.4,1.4,174.4,0.0
534,2024-09-22,1983400,69,2024,9,22,2024-09,20.9,0.7,2.4,0.0
535,2024-09-23,1098000,35,2024,9,23,2024-09,19.3,0.8,0.0,0.0
536,2024-09-24,1371500,43,2024,9,24,2024-09,18.7,0.9,0.0,0.0
537,2024-09-25,1668700,37,2024,9,25,2024-09,20.5,0.9,0.0,0.0
538,2024-09-26,916400,19,2024,9,26,2024-09,21.7,0.8,0.0,0.0
539,2024-09-27,989500,32,2024,9,27,2024-09,21.1,1.4,0.0,0.0
540,2024-09-28,1560500,49,2024,9,28,2024-09,20.7,1.1,0.0,0.0
541,2024-09-29,1898700,58,2024,9,29,2024-09,19.8,1.0,0.0,0.0
542,2024-10-01,1775900,58,2024,10,1,2024-10,17.8,2.2,0.0,0.0
543,2024-10-02,1445100,50,2024,10,2,2024-10,14.8,2.7,0.0,0.0
544,2024-10-03,1643500,56,2024,10,3,2024-10,13.1,2.2,10.0,1.0
545,2024-10-04,1487500,48,2024,10,4,2024-10,14.7,1.2,0.0,0.0
546,2024-10-05,2188500,63,2024,10,5,2024-10,15.3,0.7,0.0,0.0
547,2024-10-06,1695500,55,2024,10,6,2024-10,14.4,0.8,5.3,0.0
548,2024-10-07,940100,30,2024,10,7,2024-10,15.2,1.8,3.3,0.0
549,2024-10-08,1463700,43,2024,10,8,2024-10,16.6,1.8,0.0,0.0
550,2024-10-09,1511100,48,2024,10,9,2024-10,15.7,0.7,0.0,1.0
551,2024-10-10,512300,17,2024,10,10,2024-10,16.5,1.0,0.0,0.0
552,2024-10-11,1779000,56,2024,10,11,2024-10,15.6,0.8,0.0,0.0
553,2024-10-12,1596200,58,2024,10,12,2024-10,14.9,0.8,0.0,0.0
554,2024-10-13,2130200,73,2024,10,13,2024-10,15.3,1.0,0.0,0.0
555,2024-10-15,1801300,63,2024,10,15,2024-10,18.9,0.9,1.0,0.0
556,2024-10-16,1213100,36,2024,10,16,2024-10,18.5,1.1,0.0,0.0
557,2024-10-17,1692200,34,2024,10,17,2024-10,16.5,0.7,0.0,0.0
558,2024-10-18,1417300,46,2024,10,18,2024-10,18.7,0.6,12.0,0.0
559,2024-10-19,1222700,41,2024,10,19,2024-10,18.0,1.7,1.6,0.0
560,2024-10-20,2043000,61,2024,10,20,2024-10,12.2,1.5,0.0,0.0
561,2024-10-21,1453500,39,2024,10,21,2024-10,14.1,0.6,4.5,0.0
562,2024-10-22,1349400,47,2024,10,22,2024-10,17.9,0.9,60.3,0.0
563,2024-10-23,1607100,46,2024,10,23,2024-10,13.3,3.3,0.4,0.0
564,2024-10-25,1800300,55,2024,10,25,2024-10,11.6,0.5,0.0,0.0
565,2024-10-26,2151300,70,2024,10,26,2024-10,13.7,0.8,0.0,0.0
566,2024-10-27,2300200,64,2024,10,27,2024-10,13.7,1.0,0.2,0.0
567,2024-10-29,1524200,44,2024,10,29,2024-10,14.3,0.7,0.0,0.0
568,2024-10-30,2130000,32,2024,10,30,2024-10,13.3,1.1,0.0,0.0
569,2024-10-31,1623000,33,2024,10,31,2024-10,13.2,0.7,0.0,0.0
570,2024-11-01,2219800,63,2024,11,1,2024-11,12.7,0.9,41.3,0.0
571,2024-11-02,2214900,67,2024,11,2,2024-11,15.3,1.8,13.6,0.0
572,2024-11-03,2623700,88,2024,11,3,2024-11,12.6,0.6,0.0,0.0
573,2024-11-05,1201000,32,2024,11,5,2024-11,10.3,4.0,0.0,0.0
574,2024-11-06,2121500,54,2024,11,6,2024-11,8.1,3.2,0.0,0.0
575,2024-11-07,1623100,44,2024,11,7,2024-11,7.6,0.6,0.0,0.0
576,2024-11-08,1792900,46,2024,11,8,2024-11,10.2,0.6,0.0,0.0
577,2024-11-09,1691900,59,2024,11,9,2024-11,11.0,0.7,0.0,0.0
578,2024-11-10,1967700,65,2024,11,10,2024-11,10.9,0.2,0.0,0.0
579,2024-11-12,1427400,44,2024,11,12,2024-11,11.9,2.0,0.0,0.0
580,2024-11-13,1004500,35,2024,11,13,2024-11,10.6,0.8,0.0,0.0
581,2024-11-14,1319700,44,2024,11,14,2024-11,11.5,0.7,0.0,0.0
582,2024-11-15,1978000,58,2024,11,15,2024-11,13.0,0.8,0.1,0.0
583,2024-11-16,1624900,51,2024,11,16,2024-11,16.1,1.0,0.0,0.0
584,2024-11-17,2026100,68,2024,11,17,2024-11,10.8,4.4,0.0,0.0
585,2024-11-19,1876400,58,2024,11,19,2024-11,5.2,0.7,0.0,0.0
586,2024-11-20,1452300,49,2024,11,20,2024-11,8.0,2.2,0.0,0.0
587,2024-11-21,1483100,45,2024,11,21,2024-11,7.5,1.2,0.0,0.0
588,2024-11-22,1481500,44,2024,11,22,2024-11,7.3,2.7,0.0,0.0
589,2024-11-23,2204200,70,2024,11,23,2024-11,4.2,0.7,0.0,0.0
590,2024-11-24,2193800,77,2024,11,24,2024-11,5.9,0.5,0.0,0.0
591,2024-11-25,601700,4,2024,11,25,2024-11,8.7,1.8,1.0,0.0
592,2024-11-26,1547500,48,2024,11,26,2024-11,8.2,4.0,29.2,0.0
593,2024-11-27,1532500,52,2024,11,27,2024-11,2.1,2.9,6.6,0.0
594,2024-11-29,2160700,55,2024,11,29,2024-11,3.3,2.1,6.6,0.0
595,2024-11-30,2140600,68,2024,11,30,2024-11,5.0,2.2,0.0,0.0
596,2024-12-01,1966900,66,2024,12,1,2024-12,5.4,0.5,0.1,0.0
597,2024-12-03,1926400,55,2024,12,3,2024-12,4.4,3.4,0.0,0.0
598,2024-12-04,1864500,36,2024,12,4,2024-12,2.9,2.0,0.0,0.0
599,2024-12-05,1185700,34,2024,12,5,2024-12,5.6,2.9,0.0,0.0
600,2024-12-06,1614700,51,2024,12,6,2024-12,5.1,3.2,0.0,0.0
601,2024-12-07,2016400,66,2024,12,7,2024-12,0.9,2.1,0.1,0.0
602,2024-12-08,1967600,66,2024,12,8,2024-12,1.2,3.6,0.1,0.0
603,2024-12-10,1636200,37,2024,12,10,2024-12,2.7,2.4,0.0,0.0
604,2024-12-11,1621500,47,2024,12,11,2024-12,4.6,3.0,0.0,0.0
605,2024-12-12,1313200,48,2024,12,12,2024-12,2.4,3.5,0.0,0.0
606,2024-12-13,2366700,76,2024,12,13,2024-12,1.6,3.2,0.0,0.0
607,2024-12-14,2103400,72,2024,12,14,2024-12,0.0,3.4,0.0,0.0
608,2024-12-15,2004400,67,2024,12,15,2024-12,2.4,2.0,0.3,0.0
609,2024-12-16,406400,1,2024,12,16,2024-12,1.8,1.9,0.0,0.0
610,2024-12-17,1398100,45,2024,12,17,2024-12,1.7,2.1,0.0,0.0
611,2024-12-18,2073500,46,2024,12,18,2024-12,-0.7,3.6,0.0,0.0
612,2024-12-19,2380000,46,2024,12,19,2024-12,-1.5,2.4,0.0,0.0
613,2024-12-20,1935500,58,2024,12,20,2024-12,-0.5,1.2,0.0,0.0
614,2024-12-21,2044600,67,2024,12,21,2024-12,1.2,3.5,0.8,0.0
615,2024-12-22,2150900,74,2024,12,22,2024-12,-1.4,4.5,0.0,0.0
616,2024-12-24,3226400,87,2024,12,24,2024-12,1.7,2.7,0.0,0.0
617,2024-12-25,2632000,71,2024,12,25,2024-12,0.6,1.5,0.0,1.0
618,2024-12-26,1561100,35,2024,12,26,2024-12,2.3,3.5,0.0,0.0
619,2024-12-27,2533100,43,2024,12,27,2024-12,0.8,3.8,0.0,0.0
620,2024-12-28,2251600,69,2024,12,28,2024-12,-1.3,3.6,1.6,0.0
621,2024-12-29,1625400,58,2024,12,29,2024-12,0.7,1.8,0.0,0.0
622,2024-12-31,2598800,81,2024,12,31,2024-12,3.0,3.9,0.0,0.0
623,2025-01-01,2175200,72,2025,1,1,2025-01,1.0,2.3,0.0,1.0
624,2025-01-03,1639100,41,2025,1,3,2025-01,0.1,2.9,0.0,0.0
625,2025-01-04,2228700,67,2025,1,4,2025-01,0.3,2.3,0.0,0.0
626,2025-01-05,1962800,67,2025,1,5,2025-01,-0.7,0.4,0.5,0.0
627,2025-01-07,2066400,61,2025,1,7,2025-01,-1.7,2.6,1.9,0.0
628,2025-01-08,1810500,50,2025,1,8,2025-01,-0.4,2.6,0.3,0.0
629,2025-01-09,1227900,35,2025,1,9,2025-01,-6.5,4.4,0.4,0.0
630,2025-01-10,2045200,68,2025,1,10,2025-01,-5.6,4.0,0.0,0.0
631,2025-01-11,1720800,53,2025,1,11,2025-01,-2.6,2.0,0.0,0.0
632,2025-01-12,1887600,66,2025,1,12,2025-01,-1.8,2.7,0.0,0.0
633,2025-01-14,3411000,55,2025,1,14,2025-01,2.5,1.9,0.0,0.0
634,2025-01-15,1864200,61,2025,1,15,2025-01,-1.3,4.4,0.0,0.0
635,2025-01-16,1232400,43,2025,1,16,2025-01,0.1,3.1,0.0,0.0
636,2025-01-17,1333000,47,2025,1,17,2025-01,0.5,1.3,0.0,0.0
637,2025-01-18,1433200,48,2025,1,18,2025-01,0.3,0.7,0.0,0.0
638,2025-01-19,1973500,69,2025,1,19,2025-01,0.3,1.3,0.0,0.0
639,2025-01-21,1285100,43,2025,1,21,2025-01,1.0,1.7,0.0,0.0
640,2025-01-22,1907400,40,2025,1,22,2025-01,1.8,1.2,0.0,0.0
641,2025-01-23,1172900,39,2025,1,23,2025-01,2.3,1.4,0.0,0.0
642,2025-01-24,1593000,49,2025,1,24,2025-01,2.2,0.6,0.0,0.0
643,2025-01-25,1908100,63,2025,1,25,2025-01,2.9,1.2,0.0,0.0
644,2025-01-26,2017600,71,2025,1,26,2025-01,2.2,1.2,0.0,0.0
645,2025-01-27,1790700,58,2025,1,27,2025-01,-0.1,2.9,1.6,0.0
646,2025-01-28,1959600,57,2025,1,28,2025-01,-1.8,4.8,0.2,0.0
647,2025-01-29,2735500,82,2025,1,29,2025-01,-2.2,4.0,0.0,0.0
648,2025-01-30,1674200,52,2025,1,30,2025-01,-2.6,1.0,0.0,0.0
649,2025-01-31,2174000,65,2025,1,31,2025-01,-0.5,0.3,0.7,0.0
650,2025-02-01,1947100,60,2025,2,1,2025-02,2.5,0.9,16.3,0.0
651,2025-02-02,1733100,38,2025,2,2,2025-02,3.1,2.6,0.0,0.0
652,2025-02-04,2369600,70,2025,2,4,2025-02,-5.7,4.0,0.3,0.0
653,2025-02-05,1526800,48,2025,2,5,2025-02,-5.5,2.8,0.4,0.0
654,2025-02-07,447000,3,2025,2,7,2025-02,-5.9,3.3,3.0,0.0
655,2025-02-08,2389900,80,2025,2,8,2025-02,-6.1,4.0,0.1,0.0
656,2025-02-09,1967600,66,2025,2,9,2025-02,-3.7,3.7,0.0,0.0
657,2025-02-11,1347500,47,2025,2,11,2025-02,-0.9,1.0,0.0,1.0
658,2025-02-12,1535000,43,2025,2,12,2025-02,0.9,2.1,12.3,0.0
659,2025-02-13,1937400,53,2025,2,13,2025-02,0.7,4.3,0.0,0.0
660,2025-02-14,1363500,47,2025,2,14,2025-02,1.8,2.1,0.0,0.0
661,2025-02-15,824500,29,2025,2,15,2025-02,0.6,0.6,0.0,0.0
662,2025-02-16,1841700,62,2025,2,16,2025-02,4.3,2.5,0.0,0.0
663,2025-02-18,1703500,56,2025,2,18,2025-02,-1.2,4.9,0.0,0.0
664,2025-02-19,1944700,63,2025,2,19,2025-02,-1.7,4.0,0.0,0.0
665,2025-02-20,1785300,62,2025,2,20,2025-02,-1.8,3.3,0.0,0.0
666,2025-02-21,1744300,62,2025,2,21,2025-02,-1.7,3.6,0.0,0.0
667,2025-02-22,1693100,58,2025,2,22,2025-02,-1.4,3.6,0.0,0.0
668,2025-02-23,2298000,76,2025,2,23,2025-02,-2.7,4.2,0.0,0.0
669,2025-02-25,1303900,47,2025,2,25,2025-02,2.0,2.9,0.0,0.0
670,2025-02-26,1479400,51,2025,2,26,2025-02,4.2,2.5,0.0,0.0
671,2025-02-27,2148100,58,2025,2,27,2025-02,3.5,1.2,0.5,0.0
672,2025-02-28,1942200,61,2025,2,28,2025-02,7.3,1.0,0.8,0.0
673,2025-03-01,1659900,56,2025,3,1,2025-03,6.4,0.4,6.5,0.0
674,2025-03-02,2300500,81,2025,3,2,2025-03,10.9,1.2,3.7,0.0
675,2025-03-03,1322700,42,2025,3,3,2025-03,4.8,2.0,7.6,0.0
676,2025-03-04,1568500,51,2025,3,4,2025-03,3.7,1.6,5.6,0.0
677,2025-03-05,1300600,46,2025,3,5,2025-03,4.3,0.7,2.1,0.0
678,2025-03-06,1348900,41,2025,3,6,2025-03,4.7,2.8,0.0,0.0
679,2025-03-07,1537000,53,2025,3,7,2025-03,3.5,1.2,0.0,0.0
680,2025-03-08,2082600,63,2025,3,8,2025-03,3.9,0.9,0.0,0.0
681,2025-03-09,1963000,67,2025,3,9,2025-03,4.5,1.3,0.0,0.0
682,2025-03-11,1346100,45,2025,3,11,2025-03,6.9,1.0,0.0,0.0
683,2025-03-12,1120200,39,2025,3,12,2025-03,8.9,2.2,0.0,0.0
684,2025-03-13,1375600,39,2025,3,13,2025-03,10.1,2.1,0.0,0.0
685,2025-03-14,1813500,63,2025,3,14,2025-03,10.4,1.7,0.0,0.0
686,2025-03-15,2217600,80,2025,3,15,2025-03,7.8,1.8,3.1,0.0
687,2025-03-16,2182200,77,2025,3,16,2025-03,3.6,4.1,0.1,0.0
688,2025-03-18,2102500,59,2025,3,18,2025-03,-0.1,3.4,2.0,0.0
689,2025-03-19,1405200,46,2025,3,19,2025-03,1.6,3.1,0.0,0.0
690,2025-03-20,1388200,39,2025,3,20,2025-03,5.4,2.0,0.0,0.0
691,2025-03-21,1552000,56,2025,3,21,2025-03,9.8,2.0,0.0,0.0
692,2025-03-22,2196200,58,2025,3,22,2025-03,11.6,1.8,0.0,0.0
693,2025-03-23,2311600,80,2025,3,23,2025-03,12.9,1.2,0.0,0.0
694,2025-03-24,931400,32,2025,3,24,2025-03,14.6,2.0,0.0,0.0
695,2025-03-25,1873500,50,2025,3,25,2025-03,14.7,2.7,0.0,0.0
696,2025-03-26,1016000,33,2025,3,26,2025-03,14.0,2.1,0.0,0.0
697,2025-03-27,891800,30,2025,3,27,2025-03,14.5,2.7,0.0,0.0
698,2025-03-28,1806500,56,2025,3,28,2025-03,6.5,4.7,0.0,0.0
699,2025-03-29,2138200,71,2025,3,29,2025-03,3.4,3.8,0.0,0.0
700,2025-03-30,2147900,78,2025,3,30,2025-03,2.4,2.9,0.0,0.0
701,2025-04-01,1519400,52,2025,4,1,2025-04,6.5,1.2,0.0,0.0
702,2025-04-02,1569800,53,2025,4,2,2025-04,7.9,1.9,0.0,0.0
703,2025-04-03,1564900,50,2025,4,3,2025-04,7.3,1.4,0.0,0.0
704,2025-04-04,2191500,67,2025,4,4,2025-04,8.7,1.4,0.0,0.0
705,2025-04-05,2136900,71,2025,4,5,2025-04,9.2,1.4,1.4,0.0
706,2025-04-06,2263900,82,2025,4,6,2025-04,9.2,2.5,0.0,0.0
707,2025-04-08,2105200,60,2025,4,8,2025-04,12.7,3.1,0.0,0.0
708,2025-04-09,1199000,43,2025,4,9,2025-04,10.6,1.4,0.0,0.0
709,2025-04-10,1893400,46,2025,4,10,2025-04,13.2,2.4,0.0,0.0
710,2025-04-11,1392900,48,2025,4,11,2025-04,12.8,1.2,0.0,0.0
711,2025-04-12,2237500,77,2025,4,12,2025-04,10.3,2.4,34.3,0.0
712,2025-04-13,2499300,81,2025,4,13,2025-04,5.8,4.0,2.5,0.0
713,2025-04-15,1629100,53,2025,4,15,2025-04,7.8,3.3,0.0,0.0
714,2025-04-16,2087600,68,2025,4,16,2025-04,13.0,1.5,0.0,0.0
715,2025-04-17,356900,14,2025,4,17,2025-04,13.0,1.5,0.0,0.0
